,VideoName,ground_truth,prediction
0,-9BZ8A9U7TE.000.mp4,1,2
1,-9BZ8A9U7TE.002.mp4,1,3
2,-9BZ8A9U7TE.003.mp4,1,3
3,-9BZ8A9U7TE.004.mp4,1,3
4,3ZwXifihvtA.000.mp4,1,3
5,-zNyDPzId4E.000.mp4,2,3
6,-zNyDPzId4E.001.mp4,2,3
7,-zNyDPzId4E.003.mp4,2,4
8,0G9vplL8ae8.001.mp4,2,3
9,0G9vplL8ae8.003.mp4,2,2
10,0G9vplL8ae8.004.mp4,2,3
11,0dIqLMMn4jY.000.mp4,2,4
12,15yOT2ZolPE.002.mp4,2,3
13,1OGu_7IljCo.004.mp4,2,2
14,2UqnC_rFcRQ.001.mp4,2,3
15,2UqnC_rFcRQ.002.mp4,2,4
16,2UqnC_rFcRQ.003.mp4,2,3
17,2UqnC_rFcRQ.005.mp4,2,3
18,2mfmw63l88g.001.mp4,2,2
19,2mfmw63l88g.002.mp4,2,4
20,2mfmw63l88g.003.mp4,2,3
21,2mfmw63l88g.004.mp4,2,3
22,2mfmw63l88g.005.mp4,2,3
23,2mfmw63l88g.000.mp4,2,3
24,2q7ZwMoPvok.000.mp4,2,2
25,2x8GZaBY6TM.000.mp4,2,4
26,2x8GZaBY6TM.001.mp4,2,2
27,2x8GZaBY6TM.002.mp4,2,3
28,2x8GZaBY6TM.003.mp4,2,3
29,4CiR99jTzso.000.mp4,2,3
30,4CiR99jTzso.002.mp4,2,2
31,5-mwIFjOWZ4.000.mp4,2,3
32,5-mwIFjOWZ4.002.mp4,2,3
33,6oL9yyc9iJc.001.mp4,2,2
34,6oL9yyc9iJc.003.mp4,2,3
35,6oL9yyc9iJc.005.mp4,2,4
36,6oL9yyc9iJc.004.mp4,2,4
37,9c66Lb7e1BQ.001.mp4,2,3
38,9c66Lb7e1BQ.002.mp4,2,3
39,9c66Lb7e1BQ.003.mp4,2,3
40,Af_F0IzHK6o.000.mp4,2,3
41,Af_F0IzHK6o.004.mp4,2,4
42,Af_F0IzHK6o.005.mp4,2,3
43,Af_F0IzHK6o.002.mp4,2,3
44,Bn5QwANp5LM.004.mp4,2,3
45,E6OBPHKkm6U.002.mp4,2,3
46,ME6JLtAM160.001.mp4,2,3
47,aenedH_X3Us.000.mp4,2,2
48,o7rFDFvW300.000.mp4,2,2
49,o7rFDFvW300.001.mp4,2,3
50,tBQlU4_cIS0.000.mp4,2,4
51,-55DRRMTppE.000.mp4,3,3
52,-55DRRMTppE.005.mp4,3,3
53,-utrsarZeIY.001.mp4,3,2
54,-utrsarZeIY.004.mp4,3,4
55,-wO0oBNlEvY.005.mp4,3,3
56,0mym1CooiTE.000.mp4,3,3
57,0mym1CooiTE.001.mp4,3,3
58,0mym1CooiTE.002.mp4,3,4
59,0mym1CooiTE.003.mp4,3,3
60,0mym1CooiTE.004.mp4,3,4
61,0mym1CooiTE.005.mp4,3,3
62,19cplBTXyoY.002.mp4,4,2
63,19cplBTXyoY.001.mp4,4,3
64,1DCnIad1Y0w.002.mp4,3,4
65,1DCnIad1Y0w.001.mp4,3,4
66,1eOvtoZCie8.000.mp4,3,3
67,1eOvtoZCie8.002.mp4,3,3
68,1eOvtoZCie8.004.mp4,3,4
69,1eOvtoZCie8.005.mp4,3,3
70,1wWMWbl6ILg.004.mp4,3,2
71,2RQGNwx_nlI.000.mp4,3,4
72,2WuhWF4fAOQ.000.mp4,3,2
73,2WuhWF4fAOQ.001.mp4,3,3
74,2WuhWF4fAOQ.002.mp4,3,3
75,2WuhWF4fAOQ.003.mp4,3,4
76,2WuhWF4fAOQ.004.mp4,3,2
77,2WuhWF4fAOQ.005.mp4,3,3
78,2_OOIcYfLV0.000.mp4,3,3
79,2_OOIcYfLV0.003.mp4,3,3
80,3DURnr95fMg.000.mp4,3,3
81,3DURnr95fMg.002.mp4,3,4
82,3DURnr95fMg.004.mp4,3,3
83,3DURnr95fMg.001.mp4,3,2
84,3DURnr95fMg.003.mp4,3,3
85,3DURnr95fMg.005.mp4,3,2
86,3JzvXA-Zfbs.000.mp4,3,3
87,3JzvXA-Zfbs.001.mp4,3,3
88,3JzvXA-Zfbs.002.mp4,3,3
89,3JzvXA-Zfbs.003.mp4,3,3
90,3JzvXA-Zfbs.004.mp4,3,4
91,3ccY8jYkI5o.000.mp4,3,3
92,3ccY8jYkI5o.001.mp4,3,4
93,3ccY8jYkI5o.002.mp4,3,3
94,3ccY8jYkI5o.003.mp4,3,3
95,3ccY8jYkI5o.004.mp4,3,3
96,3ccY8jYkI5o.005.mp4,3,3
97,3wgZrRMosvY.000.mp4,3,4
98,3wgZrRMosvY.002.mp4,3,4
99,3wgZrRMosvY.003.mp4,3,3
100,3wgZrRMosvY.001.mp4,3,3
101,3wgZrRMosvY.004.mp4,3,2
102,41NNb7cucVo.000.mp4,3,4
103,41NNb7cucVo.001.mp4,3,3
104,41NNb7cucVo.002.mp4,3,3
105,41NNb7cucVo.003.mp4,3,3
106,41NNb7cucVo.004.mp4,3,4
107,4nir0YtjHVs.001.mp4,3,3
108,4nir0YtjHVs.002.mp4,3,4
109,4nir0YtjHVs.003.mp4,3,3
110,4nir0YtjHVs.004.mp4,3,3
111,5xA8-Y5qgT0.000.mp4,3,4
112,5xA8-Y5qgT0.001.mp4,3,3
113,5xA8-Y5qgT0.003.mp4,3,2
114,5xA8-Y5qgT0.004.mp4,3,3
115,5xA8-Y5qgT0.002.mp4,3,4
116,5xA8-Y5qgT0.005.mp4,3,2
117,6CRet5sD6xI.000.mp4,3,4
118,6CRet5sD6xI.003.mp4,3,3
119,6IOtQTOyQRU.000.mp4,3,3
120,6IOtQTOyQRU.001.mp4,3,4
121,6KKNrufnL80.000.mp4,3,3
122,6RwVJK3husE.005.mp4,3,3
123,6RwVJK3husE.001.mp4,3,2
124,6RwVJK3husE.002.mp4,3,3
125,6RwVJK3husE.003.mp4,3,3
126,6V92xyqy0q4.000.mp4,3,3
127,6V92xyqy0q4.001.mp4,3,4
128,6WSr4IW6cNI.000.mp4,3,3
129,6WSr4IW6cNI.003.mp4,3,3
130,6WSr4IW6cNI.005.mp4,3,3
131,6WSr4IW6cNI.002.mp4,3,4
132,6WSr4IW6cNI.004.mp4,3,3
133,6ePyEPQp77Q.001.mp4,3,3
134,6ePyEPQp77Q.002.mp4,3,2
135,6ePyEPQp77Q.004.mp4,3,3
136,6ePyEPQp77Q.005.mp4,3,3
137,6nbxAP_ZKQQ.000.mp4,3,3
138,6nbxAP_ZKQQ.004.mp4,3,3
139,6nbxAP_ZKQQ.005.mp4,3,4
140,7QeVs-mXmcI.003.mp4,3,3
141,7Wr-fwmpRfw.001.mp4,3,2
142,7Wr-fwmpRfw.003.mp4,3,3
143,7Y4cUPFEt-4.000.mp4,3,3
144,7Y4cUPFEt-4.001.mp4,3,4
145,7Y4cUPFEt-4.002.mp4,3,3
146,7Y4cUPFEt-4.005.mp4,3,4
147,7Y4cUPFEt-4.003.mp4,3,3
148,7fOxteINSUg.002.mp4,3,3
149,7fOxteINSUg.005.mp4,3,2
150,7tlMys6MZ34.000.mp4,3,4
151,7tlMys6MZ34.001.mp4,3,4
152,7tlMys6MZ34.002.mp4,3,2
153,7tlMys6MZ34.003.mp4,3,4
154,7tlMys6MZ34.004.mp4,3,3
155,7tlMys6MZ34.005.mp4,3,3
156,7wsksuXYoMY.000.mp4,3,3
157,7wsksuXYoMY.001.mp4,3,3
158,7wsksuXYoMY.002.mp4,3,4
159,7wsksuXYoMY.003.mp4,3,3
160,7wsksuXYoMY.004.mp4,3,2
161,7wsksuXYoMY.005.mp4,3,4
162,8AnIttmflwI.000.mp4,3,3
163,8AnIttmflwI.002.mp4,3,3
164,8AnIttmflwI.004.mp4,3,3
165,8AnIttmflwI.005.mp4,3,3
166,8GFElKeREfQ.000.mp4,4,4
167,8GFElKeREfQ.005.mp4,4,4
168,8RObWRnyuG0.001.mp4,3,4
169,8RObWRnyuG0.000.mp4,3,3
170,8c4_VDh2r5s.001.mp4,3,2
171,8cIuBkFoh0s.000.mp4,3,3
172,8cIuBkFoh0s.003.mp4,3,3
173,8hH_eJ8qv_M.000.mp4,3,3
174,8hH_eJ8qv_M.002.mp4,3,4
175,8hH_eJ8qv_M.005.mp4,3,3
176,93bQfdes68U.000.mp4,3,3
177,AJIphVRpYrg.002.mp4,3,4
178,AJIphVRpYrg.003.mp4,3,3
179,AJIphVRpYrg.004.mp4,3,3
180,AJIphVRpYrg.005.mp4,3,2
181,AJIphVRpYrg.000.mp4,3,4
182,AJIphVRpYrg.001.mp4,3,3
183,Agg7z10B_iY.000.mp4,3,3
184,Agg7z10B_iY.001.mp4,3,3
185,Agg7z10B_iY.002.mp4,3,3
186,Agg7z10B_iY.005.mp4,3,3
187,Agg7z10B_iY.003.mp4,3,3
188,Ap2KC1yKDdA.002.mp4,3,3
189,ArMkA9R1QxY.000.mp4,3,4
190,ArMkA9R1QxY.002.mp4,3,3
191,AvuGsnkWjt8.000.mp4,3,2
192,AvuGsnkWjt8.001.mp4,3,2
193,AvuGsnkWjt8.002.mp4,3,3
194,AvuGsnkWjt8.003.mp4,3,4
195,AwNVGShHjvw.000.mp4,3,4
196,AwNVGShHjvw.001.mp4,3,3
197,AwNVGShHjvw.002.mp4,3,3
198,AwNVGShHjvw.003.mp4,3,2
199,AwNVGShHjvw.004.mp4,3,4
200,Bmn4YEhgBDY.000.mp4,4,3
201,Bmn4YEhgBDY.002.mp4,4,3
202,BpcQ9THDtp4.000.mp4,3,3
203,C-48U5oDuvw.000.mp4,3,4
204,C-48U5oDuvw.001.mp4,3,3
205,C-48U5oDuvw.003.mp4,3,3
206,C-48U5oDuvw.004.mp4,3,3
207,C-48U5oDuvw.002.mp4,3,4
208,C-48U5oDuvw.005.mp4,3,4
209,C23rns4ZCy8.004.mp4,3,4
210,C23rns4ZCy8.002.mp4,3,3
211,C2Y9Puk3Obk.002.mp4,4,3
212,C2Y9Puk3Obk.004.mp4,4,4
213,C8xZ0vhrrFE.000.mp4,3,3
214,C8xZ0vhrrFE.002.mp4,3,3
215,C8xZ0vhrrFE.003.mp4,3,3
216,C8xZ0vhrrFE.004.mp4,3,3
217,C8xZ0vhrrFE.005.mp4,3,2
218,CAuVlnNy95E.002.mp4,3,4
219,CQR-eM3mTFU.000.mp4,3,4
220,CRLsCyMfskE.000.mp4,3,2
221,CRLsCyMfskE.001.mp4,3,3
222,CRLsCyMfskE.002.mp4,3,4
223,CRLsCyMfskE.003.mp4,3,3
224,CRLsCyMfskE.004.mp4,3,4
225,CRLsCyMfskE.005.mp4,3,4
226,CbNAOLHByZQ.004.mp4,3,3
227,CbNAOLHByZQ.003.mp4,3,3
228,CdY1ZLrWTtg.000.mp4,3,2
229,CdY1ZLrWTtg.002.mp4,3,3
230,CpmR-91GxmY.000.mp4,3,4
231,CpmR-91GxmY.001.mp4,3,3
232,CpmR-91GxmY.002.mp4,3,4
233,CpmR-91GxmY.003.mp4,3,2
234,CpmR-91GxmY.004.mp4,3,3
235,CpmR-91GxmY.005.mp4,3,3
236,D_FGBb-1B1o.000.mp4,3,3
237,D_FGBb-1B1o.001.mp4,3,3
238,D_FGBb-1B1o.002.mp4,3,3
239,D_FGBb-1B1o.003.mp4,3,3
240,DegRGUG4Wi0.001.mp4,3,2
241,DegRGUG4Wi0.002.mp4,3,3
242,DegRGUG4Wi0.003.mp4,3,4
243,DegRGUG4Wi0.004.mp4,3,3
244,DegRGUG4Wi0.005.mp4,3,3
245,DfpKVl9Zpdg.002.mp4,3,3
246,DfpKVl9Zpdg.003.mp4,3,2
247,DfpKVl9Zpdg.004.mp4,3,4
248,DfpKVl9Zpdg.000.mp4,3,3
249,DfpKVl9Zpdg.005.mp4,3,2
250,E49FxumXPnc.000.mp4,3,4
251,E6rptSS3kP4.000.mp4,3,3
252,EDshSjcCsoY.001.mp4,3,2
253,EDshSjcCsoY.002.mp4,3,4
254,Ea0UKBPCm3Q.001.mp4,4,3
255,Ea0UKBPCm3Q.003.mp4,4,3
256,Etw3iulV5Eg.001.mp4,3,3
257,Etw3iulV5Eg.003.mp4,3,3
258,Etw3iulV5Eg.002.mp4,3,3
259,F5iykLTSCJc.000.mp4,4,4
260,F5iykLTSCJc.002.mp4,4,3
261,FJPqNQPXp5c.005.mp4,3,2
262,GquB5W7bzFo.003.mp4,3,3
263,GquB5W7bzFo.004.mp4,3,3
264,GxMxrhiyjO8.005.mp4,3,3
265,HbGeoKBULAA.000.mp4,3,3
266,HbGeoKBULAA.001.mp4,3,2
267,HoJXPFp9hYo.000.mp4,4,2
268,HoJXPFp9hYo.004.mp4,4,3
269,HoJXPFp9hYo.001.mp4,4,2
270,HoJXPFp9hYo.002.mp4,4,2
271,Ie2y_yOeKpo.001.mp4,3,4
272,Ie2y_yOeKpo.003.mp4,3,3
273,Ie2y_yOeKpo.004.mp4,3,3
274,Ie2y_yOeKpo.005.mp4,3,2
275,Ie2y_yOeKpo.000.mp4,3,3
276,Ie2y_yOeKpo.002.mp4,3,4
277,JN_LH6fs868.005.mp4,3,3
278,Jr6GmDtvTK0.000.mp4,3,2
279,Jr6GmDtvTK0.001.mp4,3,3
280,K-Z_mLE8nlo.000.mp4,3,3
281,K-Z_mLE8nlo.001.mp4,3,2
282,K-Z_mLE8nlo.004.mp4,3,3
283,K7vBdKrcFKo.001.mp4,3,4
284,LGgx7RVdL2Y.000.mp4,3,3
285,LGgx7RVdL2Y.001.mp4,3,2
286,LGgx7RVdL2Y.002.mp4,3,3
287,LGgx7RVdL2Y.004.mp4,3,3
288,LGgx7RVdL2Y.005.mp4,3,4
289,LGgx7RVdL2Y.003.mp4,3,3
290,Lz3hYPF6aIM.000.mp4,3,3
291,Lz3hYPF6aIM.003.mp4,3,3
292,Lz3hYPF6aIM.004.mp4,3,3
293,Lz3hYPF6aIM.005.mp4,3,3
294,Lz3hYPF6aIM.001.mp4,3,3
295,Lz3hYPF6aIM.002.mp4,3,2
296,MLCIfM5jYlI.000.mp4,3,3
297,MLCIfM5jYlI.003.mp4,3,4
298,MLCIfM5jYlI.005.mp4,3,3
299,MLCIfM5jYlI.002.mp4,3,4
300,MbufNmC0JL0.001.mp4,3,2
301,MbufNmC0JL0.004.mp4,3,3
302,NTxMChSejQE.001.mp4,3,3
303,NdAJGXf8aos.002.mp4,3,3
304,NdAJGXf8aos.005.mp4,3,3
305,NdAJGXf8aos.000.mp4,3,3
306,OSDlyk5ZgAk.000.mp4,3,2
307,OSDlyk5ZgAk.002.mp4,3,3
308,OSDlyk5ZgAk.003.mp4,3,2
309,OSDlyk5ZgAk.004.mp4,3,3
310,OSDlyk5ZgAk.001.mp4,3,2
311,OSDlyk5ZgAk.005.mp4,3,3
312,PYYC0Jiwfdg.000.mp4,3,4
313,PYYC0Jiwfdg.001.mp4,3,3
314,PYYC0Jiwfdg.002.mp4,3,3
315,PYYC0Jiwfdg.004.mp4,3,3
316,Pb9GhzCRnqs.001.mp4,3,3
317,Pr-RpZ4gYCM.001.mp4,3,2
318,Pr-RpZ4gYCM.003.mp4,4,3
319,Pr-RpZ4gYCM.004.mp4,4,3
320,Pr-RpZ4gYCM.005.mp4,3,4
321,Pr7CHWFkWew.001.mp4,3,3
322,QiPb8vlGDFo.000.mp4,3,3
323,QiPb8vlGDFo.001.mp4,3,3
324,QiPb8vlGDFo.002.mp4,3,3
325,QiPb8vlGDFo.003.mp4,3,2
326,QiPb8vlGDFo.004.mp4,3,3
327,QiPb8vlGDFo.005.mp4,3,4
328,QqTw0lnrtBo.002.mp4,3,3
329,QqTw0lnrtBo.004.mp4,3,3
330,QqTw0lnrtBo.005.mp4,3,3
331,QqTw0lnrtBo.000.mp4,3,2
332,QqTw0lnrtBo.003.mp4,3,2
333,RlaaCqle7tY.003.mp4,3,3
334,RlaaCqle7tY.005.mp4,3,4
335,RlaaCqle7tY.004.mp4,3,3
336,SxRNdq2nGN0.000.mp4,3,3
337,SxRNdq2nGN0.001.mp4,3,2
338,SxRNdq2nGN0.002.mp4,3,3
339,TCzYD74Xqe8.000.mp4,3,4
340,TCzYD74Xqe8.002.mp4,3,2
341,TjdXLXsOnkw.001.mp4,3,3
342,UMgeWS5r3IE.005.mp4,3,3
343,V1I40vVRk78.002.mp4,3,3
344,V1I40vVRk78.003.mp4,3,4
345,V1I40vVRk78.000.mp4,3,2
346,VoXh9utSIx8.000.mp4,3,3
347,VuS938tAv-0.003.mp4,3,3
348,WWdCfiraNQk.003.mp4,3,3
349,Wby2oMliGz0.000.mp4,3,3
350,Wby2oMliGz0.002.mp4,3,2
351,Wby2oMliGz0.003.mp4,3,4
352,Wby2oMliGz0.004.mp4,3,3
353,Wby2oMliGz0.005.mp4,3,3
354,XakgMBMmtMQ.003.mp4,3,4
355,Y1LrgyCJtpU.000.mp4,3,4
356,Y1LrgyCJtpU.001.mp4,3,3
357,Y1LrgyCJtpU.002.mp4,3,4
358,Y1LrgyCJtpU.003.mp4,3,2
359,Y1LrgyCJtpU.004.mp4,3,2
360,Y1LrgyCJtpU.005.mp4,3,4
361,YEbaKrAxo5I.001.mp4,3,3
362,YqgiL3iN2ak.000.mp4,3,3
363,_5ltHlmGvq8.000.mp4,3,3
364,b8GPFr11adA.001.mp4,3,3
365,b8GPFr11adA.002.mp4,3,3
366,b8GPFr11adA.004.mp4,3,2
367,b8GPFr11adA.005.mp4,3,3
368,b8GPFr11adA.000.mp4,3,2
369,b8GPFr11adA.003.mp4,3,3
370,bRoIrXBO9DU.000.mp4,3,3
371,bRoIrXBO9DU.005.mp4,3,4
372,cx8IycWgMVs.000.mp4,3,3
373,cx8IycWgMVs.002.mp4,3,2
374,cx8IycWgMVs.003.mp4,3,3
375,cx8IycWgMVs.005.mp4,3,3
376,cx8IycWgMVs.001.mp4,3,3
377,cx8IycWgMVs.004.mp4,3,2
378,dqVPzqpGX-w.000.mp4,3,4
379,dqVPzqpGX-w.001.mp4,3,3
380,eD4b8sM-Tpw.000.mp4,3,3
381,eD4b8sM-Tpw.004.mp4,3,3
382,emHDoDcht44.001.mp4,3,4
383,fhUGU2uiS1U.001.mp4,3,3
384,fhUGU2uiS1U.004.mp4,3,4
385,fhUGU2uiS1U.002.mp4,3,4
386,frsDpQjmC5k.002.mp4,3,3
387,frsDpQjmC5k.003.mp4,3,3
388,g24JGYuT74A.002.mp4,3,2
389,g24JGYuT74A.003.mp4,3,3
390,g24JGYuT74A.004.mp4,3,3
391,gIWZPg1BxlU.000.mp4,3,4
392,gOS-CneQsxI.003.mp4,2,2
393,gOS-CneQsxI.001.mp4,2,3
394,iYVJt41_q7M.002.mp4,3,4
395,jDdRrqRcSzM.000.mp4,3,4
396,jDdRrqRcSzM.001.mp4,3,3
397,jDdRrqRcSzM.002.mp4,3,3
398,jq1dLOVUQJA.000.mp4,3,2
399,jq1dLOVUQJA.003.mp4,3,3
400,kDJigDGDJTo.000.mp4,3,3
401,kDJigDGDJTo.001.mp4,3,3
402,kDJigDGDJTo.003.mp4,3,4
403,kDJigDGDJTo.004.mp4,3,4
404,kDJigDGDJTo.005.mp4,3,3
405,kDJigDGDJTo.002.mp4,3,3
406,kmV6Qtv0amA.001.mp4,3,4
407,kmV6Qtv0amA.003.mp4,3,3
408,kmV6Qtv0amA.005.mp4,3,3
409,l0qApUuiDjo.005.mp4,3,4
410,l0qApUuiDjo.000.mp4,3,3
411,mhvkJjOAjYI.001.mp4,3,3
412,mhvkJjOAjYI.004.mp4,3,3
413,mhvkJjOAjYI.005.mp4,3,3
414,myhEW1aZRg4.000.mp4,3,4
415,nQxTTYWy7pA.001.mp4,3,2
416,nQxTTYWy7pA.002.mp4,3,3
417,opEoJBrcmbI.000.mp4,3,3
418,opEoJBrcmbI.001.mp4,3,4
419,opEoJBrcmbI.002.mp4,3,3
420,opEoJBrcmbI.003.mp4,3,3
421,opEoJBrcmbI.005.mp4,3,3
422,puJ_NbKzRTE.003.mp4,3,3
423,qpwcdPnPeFM.000.mp4,3,4
424,qpwcdPnPeFM.004.mp4,3,2
425,rG8D-A2F8xg.003.mp4,3,3
426,rG8D-A2F8xg.004.mp4,3,3
427,rG8D-A2F8xg.005.mp4,3,3
428,rV6Vdn-JrTA.004.mp4,3,3
429,rxYWgXYTATs.000.mp4,3,2
430,rxYWgXYTATs.001.mp4,3,3
431,rxYWgXYTATs.002.mp4,3,3
432,rxYWgXYTATs.003.mp4,3,4
433,rxYWgXYTATs.005.mp4,3,3
434,sY4urmZmhJA.002.mp4,3,4
435,syTTeox8Yaw.002.mp4,3,3
436,syTTeox8Yaw.003.mp4,3,3
437,syTTeox8Yaw.000.mp4,3,3
438,syTTeox8Yaw.001.mp4,3,4
439,t0AupkXkkZw.000.mp4,3,2
440,t0AupkXkkZw.001.mp4,3,2
441,t0AupkXkkZw.002.mp4,3,4
442,t0AupkXkkZw.003.mp4,3,3
443,t0AupkXkkZw.004.mp4,3,3
444,t0AupkXkkZw.005.mp4,3,3
445,t6-ljEWQjW8.000.mp4,3,4
446,t6-ljEWQjW8.002.mp4,3,3
447,t6-ljEWQjW8.005.mp4,3,3
448,t6-ljEWQjW8.001.mp4,3,3
449,t6-ljEWQjW8.004.mp4,3,2
450,tASMzbFSxsQ.004.mp4,3,3
451,twmdh5zdvfg.000.mp4,3,3
452,twmdh5zdvfg.001.mp4,3,3
453,twmdh5zdvfg.003.mp4,3,3
454,uCJNAX_b9mc.000.mp4,3,2
455,uCJNAX_b9mc.001.mp4,3,3
456,uCJNAX_b9mc.002.mp4,3,2
457,ukcUhZbkVBI.002.mp4,3,4
458,vAEqpUwBMJQ.001.mp4,3,3
459,vAEqpUwBMJQ.003.mp4,3,3
460,vAEqpUwBMJQ.004.mp4,3,3
461,vAEqpUwBMJQ.005.mp4,3,3
462,vAEqpUwBMJQ.002.mp4,3,3
463,voB6O-ky9cA.000.mp4,3,2
464,voB6O-ky9cA.003.mp4,3,2
465,voB6O-ky9cA.005.mp4,3,3
466,voB6O-ky9cA.001.mp4,3,4
467,voB6O-ky9cA.002.mp4,3,2
468,voXr6-ykd1w.000.mp4,3,2
469,voXr6-ykd1w.001.mp4,3,3
470,voXr6-ykd1w.002.mp4,3,4
471,weggLuKPv0M.000.mp4,3,3
472,xGo_wImhwkQ.003.mp4,3,3
473,xGo_wImhwkQ.004.mp4,3,4
474,xP6i_WO1LCM.000.mp4,3,3
475,z_W8_j7CB2A.000.mp4,3,3
476,z_W8_j7CB2A.001.mp4,3,3
477,3CyIOM2izmI.000.mp4,3,2
478,4kYaYIcuLpM.000.mp4,3,3
479,5xA5iKk4v6w.000.mp4,3,4
480,RmEwRYfDn-4.000.mp4,3,3
481,-aU2FN5pkWA.001.mp4,4,4
482,-aU2FN5pkWA.004.mp4,4,3
483,-aU2FN5pkWA.000.mp4,4,4
484,-awAu11kBZ0.000.mp4,4,3
485,-awAu11kBZ0.001.mp4,4,2
486,0FVu7VKIg2s.000.mp4,4,4
487,0VnZngec8sc.001.mp4,4,3
488,0VnZngec8sc.002.mp4,4,3
489,0VnZngec8sc.003.mp4,4,3
490,0VnZngec8sc.004.mp4,4,4
491,1TXS1Zg4wDc.001.mp4,4,3
492,1UaqZEUUk9I.000.mp4,4,4
493,1UaqZEUUk9I.002.mp4,4,4
494,1XqMZQu_pP4.001.mp4,4,3
495,1XqMZQu_pP4.002.mp4,4,3
496,1XqMZQu_pP4.003.mp4,4,3
497,1XqMZQu_pP4.004.mp4,4,3
498,1uCO2d0pFg0.000.mp4,4,4
499,2GHz8LYflE0.000.mp4,4,4
500,2GHz8LYflE0.001.mp4,4,3
501,2GHz8LYflE0.003.mp4,4,4
502,3AyjQQYmqU4.000.mp4,4,3
503,3AyjQQYmqU4.001.mp4,4,3
504,3AyjQQYmqU4.002.mp4,4,4
505,3AyjQQYmqU4.003.mp4,4,2
506,3gmc2kLV4Bo.002.mp4,4,4
507,3gmc2kLV4Bo.003.mp4,4,3
508,3lV-sr3NOUo.000.mp4,4,2
509,3lV-sr3NOUo.002.mp4,4,4
510,3lV-sr3NOUo.003.mp4,4,4
511,3lV-sr3NOUo.004.mp4,4,3
512,3lV-sr3NOUo.005.mp4,4,3
513,3yU-7AXnFCM.002.mp4,4,3
514,3yU-7AXnFCM.003.mp4,4,3
515,3yU-7AXnFCM.004.mp4,4,5
516,4F-WBGPXiqQ.001.mp4,4,3
517,4JYmE9a21aI.001.mp4,4,2
518,4JYmE9a21aI.002.mp4,4,3
519,4JYmE9a21aI.004.mp4,4,4
520,4JjpfL4y3XM.000.mp4,4,4
521,4JjpfL4y3XM.001.mp4,4,3
522,4JjpfL4y3XM.003.mp4,4,3
523,4JjpfL4y3XM.005.mp4,4,3
524,4JjpfL4y3XM.002.mp4,4,3
525,4JjpfL4y3XM.004.mp4,4,3
526,4OKYywIqnqg.004.mp4,4,3
527,4OKYywIqnqg.000.mp4,4,2
528,51z2rCqPqPE.003.mp4,4,3
529,51z2rCqPqPE.005.mp4,4,4
530,51z2rCqPqPE.004.mp4,4,4
531,5lqg3tAI9H0.002.mp4,4,3
532,5lqg3tAI9H0.004.mp4,4,3
533,69BopbFc34U.000.mp4,4,4
534,69BopbFc34U.001.mp4,4,3
535,69BopbFc34U.003.mp4,4,2
536,69BopbFc34U.004.mp4,4,4
537,69BopbFc34U.002.mp4,4,3
538,69BopbFc34U.005.mp4,4,3
539,8KyS0FKbKfI.002.mp4,4,3
540,8KyS0FKbKfI.004.mp4,4,3
541,8KyS0FKbKfI.005.mp4,4,3
542,8ZHpqRJ39HA.002.mp4,4,3
543,8ZHpqRJ39HA.003.mp4,4,3
544,8ZHpqRJ39HA.004.mp4,4,3
545,8ZHpqRJ39HA.005.mp4,4,4
546,8ZHpqRJ39HA.000.mp4,4,3
547,8bn3HZY76xU.000.mp4,4,3
548,8bn3HZY76xU.001.mp4,4,3
549,8bn3HZY76xU.004.mp4,4,2
550,8bn3HZY76xU.005.mp4,4,3
551,8toLcoDcGOY.001.mp4,4,4
552,8toLcoDcGOY.003.mp4,4,4
553,8w_oPolxRWQ.000.mp4,4,3
554,90p68AEmNMA.000.mp4,4,3
555,90p68AEmNMA.001.mp4,4,3
556,9CPKW0sqR3E.000.mp4,4,3
557,9CPKW0sqR3E.001.mp4,4,2
558,9CPKW0sqR3E.002.mp4,4,3
559,9CPKW0sqR3E.003.mp4,4,3
560,9CPKW0sqR3E.005.mp4,4,3
561,9CPKW0sqR3E.004.mp4,4,3
562,9KAqOrdiZ4I.001.mp4,4,3
563,9KAqOrdiZ4I.002.mp4,4,3
564,9KAqOrdiZ4I.003.mp4,4,3
565,9lA-PGQcHBc.000.mp4,4,4
566,9lA-PGQcHBc.001.mp4,4,3
567,AheKnXrL0Wk.002.mp4,4,3
568,AuaQ0rtedRk.000.mp4,4,3
569,AuaQ0rtedRk.001.mp4,4,4
570,AuaQ0rtedRk.002.mp4,4,3
571,B1efbNxLPe8.002.mp4,4,3
572,B1efbNxLPe8.005.mp4,4,2
573,BOOMkDl8JwA.005.mp4,4,3
574,BeyIfaH64xY.000.mp4,4,4
575,BeyIfaH64xY.001.mp4,4,4
576,BeyIfaH64xY.002.mp4,4,4
577,BeyIfaH64xY.003.mp4,4,3
578,BeyIfaH64xY.004.mp4,4,3
579,BeyIfaH64xY.005.mp4,4,4
580,BkDdtxDPjJA.001.mp4,4,3
581,BlXViK_ltm8.001.mp4,4,2
582,BmDClgdWlH4.000.mp4,4,3
583,BmDClgdWlH4.002.mp4,4,4
584,BmDClgdWlH4.004.mp4,4,3
585,BmDClgdWlH4.005.mp4,4,4
586,BmDClgdWlH4.001.mp4,4,3
587,Bt5zyk-Xf9Q.000.mp4,4,4
588,BxdFQhBNZys.000.mp4,4,2
589,BxdFQhBNZys.004.mp4,4,4
590,BxdFQhBNZys.001.mp4,4,3
591,CESTtNvDpww.001.mp4,4,2
592,CESTtNvDpww.003.mp4,4,3
593,CESTtNvDpww.002.mp4,4,2
594,CcVuoHZqp6k.004.mp4,4,2
595,Cdh_OCMZ4U8.000.mp4,4,4
596,Cdh_OCMZ4U8.004.mp4,4,4
597,ClSP2k9DFX0.001.mp4,4,2
598,CuGuiOZ48Ig.000.mp4,4,3
599,CuGuiOZ48Ig.001.mp4,4,3
600,CuGuiOZ48Ig.002.mp4,4,3
601,CuGuiOZ48Ig.003.mp4,4,4
602,CuGuiOZ48Ig.004.mp4,4,3
603,CuGuiOZ48Ig.005.mp4,4,3
604,D0dE-lErszk.002.mp4,4,4
605,DChmTb-c9uM.000.mp4,4,3
606,DChmTb-c9uM.001.mp4,4,3
607,DChmTb-c9uM.004.mp4,4,2
608,DChmTb-c9uM.005.mp4,4,3
609,DChmTb-c9uM.002.mp4,4,4
610,DChmTb-c9uM.003.mp4,4,3
611,DGCGeNlA-Ww.004.mp4,4,3
612,DGCGeNlA-Ww.005.mp4,4,3
613,DXw4lVoiiWY.000.mp4,4,4
614,DXw4lVoiiWY.001.mp4,4,3
615,DXw4lVoiiWY.002.mp4,4,3
616,DXw4lVoiiWY.003.mp4,4,4
617,DXw4lVoiiWY.004.mp4,4,3
618,DXw4lVoiiWY.005.mp4,4,2
619,DjfLWIZq3bo.000.mp4,4,3
620,DjfLWIZq3bo.002.mp4,4,3
621,EA8BEYAZqAA.000.mp4,4,2
622,EA8BEYAZqAA.001.mp4,4,3
623,EA8BEYAZqAA.004.mp4,4,3
624,EA8BEYAZqAA.005.mp4,4,4
625,EYbPGTIcnjs.000.mp4,4,3
626,EYbPGTIcnjs.003.mp4,4,3
627,EYbPGTIcnjs.005.mp4,4,2
628,EYbPGTIcnjs.004.mp4,4,2
629,EcOC7ZVRSg4.001.mp4,4,2
630,EcOC7ZVRSg4.002.mp4,4,3
631,EcOC7ZVRSg4.003.mp4,4,3
632,EcOC7ZVRSg4.004.mp4,4,3
633,EcOC7ZVRSg4.005.mp4,4,2
634,EeI8iXLDfc0.000.mp4,4,3
635,EeI8iXLDfc0.001.mp4,4,4
636,EeI8iXLDfc0.002.mp4,4,4
637,EeI8iXLDfc0.003.mp4,4,4
638,EeI8iXLDfc0.005.mp4,4,3
639,EelHLfeSJfM.001.mp4,4,3
640,EelHLfeSJfM.002.mp4,4,2
641,EelHLfeSJfM.004.mp4,4,3
642,EelHLfeSJfM.005.mp4,4,3
643,EelHLfeSJfM.000.mp4,4,3
644,EelHLfeSJfM.003.mp4,4,3
645,EjhDyc8Oc6k.000.mp4,4,4
646,EjhDyc8Oc6k.001.mp4,4,3
647,EjhDyc8Oc6k.002.mp4,4,2
648,EjhDyc8Oc6k.003.mp4,4,4
649,EjhDyc8Oc6k.004.mp4,4,3
650,EjhDyc8Oc6k.005.mp4,4,3
651,EqTB9rAC-tA.000.mp4,4,3
652,FGkS4vJYOpM.000.mp4,4,2
653,FGkS4vJYOpM.002.mp4,4,4
654,FGkS4vJYOpM.003.mp4,4,3
655,FGkS4vJYOpM.004.mp4,4,3
656,FGkS4vJYOpM.005.mp4,4,2
657,FGkS4vJYOpM.001.mp4,4,3
658,FkzVX7SQ9wE.000.mp4,4,4
659,FkzVX7SQ9wE.001.mp4,4,3
660,FkzVX7SQ9wE.002.mp4,4,3
661,FkzVX7SQ9wE.003.mp4,4,3
662,FkzVX7SQ9wE.004.mp4,4,3
663,FkzVX7SQ9wE.005.mp4,4,3
664,FoWuHvikyqU.001.mp4,4,4
665,FoWuHvikyqU.003.mp4,4,2
666,FoWuHvikyqU.004.mp4,4,3
667,FxVUG2R1y0Q.000.mp4,4,4
668,FxVUG2R1y0Q.001.mp4,4,4
669,FxVUG2R1y0Q.004.mp4,4,2
670,FxVUG2R1y0Q.002.mp4,4,3
671,FxVUG2R1y0Q.005.mp4,4,3
672,GWOtluILlk4.002.mp4,4,4
673,GWOtluILlk4.003.mp4,4,3
674,GWOtluILlk4.004.mp4,4,2
675,GWOtluILlk4.005.mp4,4,3
676,GcuoyJPO-KU.001.mp4,4,3
677,GcuoyJPO-KU.003.mp4,4,3
678,GcuoyJPO-KU.000.mp4,4,2
679,GcuoyJPO-KU.005.mp4,4,3
680,Gdv79afXNKE.000.mp4,4,3
681,Gdv79afXNKE.003.mp4,4,3
682,Gdv79afXNKE.004.mp4,4,3
683,Gdv79afXNKE.005.mp4,4,3
684,GntxKkVigvE.001.mp4,4,2
685,GsNZh1TS68g.000.mp4,4,3
686,HL-K_PZXFR4.005.mp4,4,3
687,HL-K_PZXFR4.003.mp4,4,3
688,HQDkoaHULbw.005.mp4,4,3
689,HTF8k56_Oxo.001.mp4,4,3
690,HTF8k56_Oxo.004.mp4,4,2
691,HTF8k56_Oxo.005.mp4,4,4
692,HTF8k56_Oxo.000.mp4,4,2
693,HUxtuDE-YNE.003.mp4,4,3
694,HUxtuDE-YNE.004.mp4,4,3
695,HWuh0biZQ_c.000.mp4,4,2
696,HWuh0biZQ_c.001.mp4,4,4
697,HWuh0biZQ_c.002.mp4,4,2
698,HWuh0biZQ_c.004.mp4,4,3
699,HWuh0biZQ_c.005.mp4,4,3
700,HekcZ0Em60E.000.mp4,4,2
701,HekcZ0Em60E.002.mp4,4,4
702,HekcZ0Em60E.003.mp4,4,3
703,HekcZ0Em60E.004.mp4,4,3
704,HekcZ0Em60E.005.mp4,4,3
705,HekcZ0Em60E.001.mp4,4,4
706,Hklc55y7vUI.000.mp4,4,3
707,Hklc55y7vUI.002.mp4,4,3
708,Hklc55y7vUI.005.mp4,4,3
709,Hklc55y7vUI.003.mp4,4,3
710,IBqmyEhgnHM.005.mp4,4,3
711,IFF47jVKMj8.001.mp4,4,4
712,IFF47jVKMj8.002.mp4,4,3
713,IFF47jVKMj8.003.mp4,4,3
714,IFF47jVKMj8.004.mp4,4,4
715,IFF47jVKMj8.005.mp4,4,3
716,IXVf5VWxOAg.000.mp4,4,3
717,IXVf5VWxOAg.002.mp4,4,3
718,IXVf5VWxOAg.003.mp4,4,3
719,IXVf5VWxOAg.004.mp4,4,4
720,IXVf5VWxOAg.005.mp4,4,4
721,IveGfOJ86wY.000.mp4,4,3
722,IveGfOJ86wY.001.mp4,4,2
723,IveGfOJ86wY.002.mp4,4,3
724,IveGfOJ86wY.004.mp4,4,3
725,IveGfOJ86wY.003.mp4,4,4
726,IveGfOJ86wY.005.mp4,4,3
727,J0JrzUmZGcA.001.mp4,4,2
728,J0JrzUmZGcA.002.mp4,4,4
729,J0JrzUmZGcA.003.mp4,4,2
730,J0JrzUmZGcA.005.mp4,4,3
731,J0JrzUmZGcA.000.mp4,4,3
732,JTmq4k4uQCY.000.mp4,4,4
733,JTmq4k4uQCY.001.mp4,4,2
734,JTmq4k4uQCY.002.mp4,4,3
735,JTmq4k4uQCY.003.mp4,4,3
736,JTmq4k4uQCY.004.mp4,4,3
737,KahSwziq8F0.000.mp4,4,3
738,KahSwziq8F0.001.mp4,4,4
739,KahSwziq8F0.002.mp4,4,3
740,KahSwziq8F0.003.mp4,4,4
741,KahSwziq8F0.004.mp4,4,4
742,KiM9P_FJVHg.004.mp4,4,3
743,KiM9P_FJVHg.005.mp4,4,3
744,KpTHRBaYny8.001.mp4,4,3
745,KpTHRBaYny8.005.mp4,4,4
746,KpTHRBaYny8.003.mp4,4,3
747,KpTHRBaYny8.004.mp4,4,3
748,KsToJAKi7xQ.000.mp4,4,4
749,KsToJAKi7xQ.001.mp4,4,3
750,KskDPaLfZNQ.001.mp4,4,2
751,L-rmZZP_wj8.003.mp4,4,3
752,L-rmZZP_wj8.004.mp4,4,3
753,L-rmZZP_wj8.001.mp4,4,4
754,L-rmZZP_wj8.005.mp4,4,2
755,L5PkZA1ErYY.000.mp4,4,3
756,L5PkZA1ErYY.001.mp4,4,2
757,L5PkZA1ErYY.002.mp4,4,3
758,L5PkZA1ErYY.005.mp4,4,3
759,L5PkZA1ErYY.003.mp4,4,4
760,LBrmHHzyIiY.000.mp4,4,2
761,LBrmHHzyIiY.001.mp4,4,3
762,LBrmHHzyIiY.002.mp4,4,3
763,LBrmHHzyIiY.003.mp4,4,3
764,LBrmHHzyIiY.004.mp4,4,3
765,LWylAwr9kJI.001.mp4,4,3
766,LWylAwr9kJI.002.mp4,4,3
767,LWylAwr9kJI.004.mp4,4,3
768,LqtBNNM2jIw.004.mp4,4,4
769,MRquWhqw4Jw.000.mp4,4,3
770,MRquWhqw4Jw.001.mp4,4,3
771,MRquWhqw4Jw.004.mp4,4,2
772,MrfJ1qDJAwo.000.mp4,4,3
773,MrfJ1qDJAwo.001.mp4,4,2
774,MrfJ1qDJAwo.002.mp4,4,4
775,MrfJ1qDJAwo.003.mp4,4,2
776,MrfJ1qDJAwo.004.mp4,4,4
777,MrfJ1qDJAwo.005.mp4,4,3
778,N0UweTwwQqQ.000.mp4,4,3
779,N0UweTwwQqQ.002.mp4,4,3
780,N0UweTwwQqQ.005.mp4,4,3
781,NCm736FngNo.000.mp4,4,4
782,NTATNIs2sSc.001.mp4,4,2
783,NTATNIs2sSc.002.mp4,4,3
784,NTSMogqhvBg.001.mp4,4,3
785,NTSMogqhvBg.002.mp4,4,3
786,NTSMogqhvBg.003.mp4,4,4
787,Nv0-x4K9YFI.000.mp4,4,3
788,Nv0-x4K9YFI.001.mp4,4,3
789,Nv0-x4K9YFI.002.mp4,4,3
790,Nv0-x4K9YFI.004.mp4,4,4
791,Nv0-x4K9YFI.005.mp4,4,3
792,Nv0-x4K9YFI.003.mp4,4,4
793,OIRq4d8IyKc.000.mp4,4,3
794,OIRq4d8IyKc.001.mp4,4,4
795,OIRq4d8IyKc.002.mp4,4,3
796,OIRq4d8IyKc.003.mp4,4,2
797,PXJfSp2WvVY.001.mp4,4,4
798,PXJfSp2WvVY.004.mp4,4,3
799,Pc-oQQwkIv8.000.mp4,4,3
800,Pc-oQQwkIv8.001.mp4,4,3
801,Pc-oQQwkIv8.003.mp4,4,4
802,Pc-oQQwkIv8.004.mp4,4,3
803,Pc-oQQwkIv8.005.mp4,4,3
804,Pc-oQQwkIv8.002.mp4,4,2
805,Ps55vHez10c.000.mp4,4,3
806,PuVy3akfzNI.000.mp4,4,4
807,PuVy3akfzNI.002.mp4,4,4
808,PyPFJWirPjs.000.mp4,4,4
809,PyPFJWirPjs.001.mp4,4,3
810,PyPFJWirPjs.002.mp4,4,2
811,Q2AI4XpApFs.000.mp4,4,3
812,Q2AI4XpApFs.001.mp4,4,3
813,Q2AI4XpApFs.002.mp4,4,3
814,Q2AI4XpApFs.005.mp4,4,3
815,QKcx5msA7iA.000.mp4,4,4
816,QKcx5msA7iA.001.mp4,4,4
817,QKcx5msA7iA.002.mp4,4,3
818,QKcx5msA7iA.003.mp4,4,3
819,QKcx5msA7iA.004.mp4,4,3
820,QKcx5msA7iA.005.mp4,4,4
821,QOIP8pV85D8.003.mp4,4,3
822,QS7TwjzkYiU.004.mp4,4,3
823,QS7TwjzkYiU.001.mp4,4,4
824,QS7TwjzkYiU.005.mp4,4,4
825,QTtTAFqT-no.000.mp4,4,3
826,QTtTAFqT-no.001.mp4,4,3
827,QTtTAFqT-no.004.mp4,4,3
828,QTtTAFqT-no.005.mp4,4,3
829,Qzu9b49qvKo.000.mp4,4,2
830,Qzu9b49qvKo.003.mp4,4,3
831,Qzu9b49qvKo.004.mp4,4,3
832,RDdB2AqJpog.000.mp4,4,2
833,RWhyKkFI3zw.001.mp4,4,3
834,RWhyKkFI3zw.002.mp4,4,4
835,RWhyKkFI3zw.004.mp4,4,3
836,RWhyKkFI3zw.005.mp4,4,2
837,RWhyKkFI3zw.000.mp4,4,4
838,RWhyKkFI3zw.003.mp4,4,3
839,RgZTZIf8K8g.000.mp4,4,3
840,RgZTZIf8K8g.001.mp4,4,3
841,RgZTZIf8K8g.002.mp4,4,3
842,RgZTZIf8K8g.003.mp4,4,3
843,RgZTZIf8K8g.005.mp4,4,4
844,RgZTZIf8K8g.004.mp4,4,4
845,RsjDkkvJirs.005.mp4,4,3
846,RtbBc9kI6tE.000.mp4,4,2
847,S1AEj1kO5dc.001.mp4,4,3
848,S1AEj1kO5dc.002.mp4,4,3
849,S1AEj1kO5dc.004.mp4,4,2
850,S1AEj1kO5dc.005.mp4,4,3
851,S1AEj1kO5dc.000.mp4,4,4
852,S1AEj1kO5dc.003.mp4,4,2
853,SkNO4x-LSgE.000.mp4,4,4
854,SkNO4x-LSgE.004.mp4,4,4
855,SkNO4x-LSgE.005.mp4,4,3
856,SkNO4x-LSgE.001.mp4,4,3
857,SkNO4x-LSgE.003.mp4,4,4
858,T1_6sVNHG70.000.mp4,4,3
859,T1_6sVNHG70.001.mp4,4,3
860,T1_6sVNHG70.005.mp4,4,3
861,T1_6sVNHG70.002.mp4,4,3
862,T1_6sVNHG70.003.mp4,4,3
863,T1_6sVNHG70.004.mp4,4,2
864,T9xSEBSaL7Q.003.mp4,4,4
865,T9xSEBSaL7Q.000.mp4,4,3
866,TD2jIXMD-SM.001.mp4,4,2
867,TD2jIXMD-SM.002.mp4,4,3
868,TD2jIXMD-SM.004.mp4,4,3
869,TD2jIXMD-SM.005.mp4,4,4
870,TD2jIXMD-SM.000.mp4,4,4
871,TD2jIXMD-SM.003.mp4,4,3
872,TEGJrmNFvXY.001.mp4,4,3
873,TEGJrmNFvXY.004.mp4,4,3
874,TEGJrmNFvXY.005.mp4,4,3
875,TEGJrmNFvXY.000.mp4,4,3
876,TPRQyuiNYmI.000.mp4,4,3
877,TPRQyuiNYmI.002.mp4,4,3
878,TPRQyuiNYmI.003.mp4,4,3
879,TPRQyuiNYmI.004.mp4,4,3
880,TPRQyuiNYmI.001.mp4,4,3
881,TaL5JleXDP8.003.mp4,4,3
882,TaL5JleXDP8.005.mp4,4,2
883,Tch2Bt9b8AY.001.mp4,4,4
884,U-XrzfFzMkg.000.mp4,4,3
885,U-XrzfFzMkg.003.mp4,4,4
886,U-XrzfFzMkg.004.mp4,4,3
887,U-XrzfFzMkg.005.mp4,4,2
888,U-XrzfFzMkg.001.mp4,4,4
889,U-XrzfFzMkg.002.mp4,4,3
890,U22Jy0m5xSQ.001.mp4,4,3
891,U22Jy0m5xSQ.002.mp4,4,2
892,U22Jy0m5xSQ.005.mp4,4,3
893,U3UaF1aFek4.000.mp4,4,3
894,U3UaF1aFek4.001.mp4,4,4
895,U3UaF1aFek4.002.mp4,4,3
896,U3UaF1aFek4.004.mp4,4,2
897,U3UaF1aFek4.005.mp4,4,3
898,U3UaF1aFek4.003.mp4,4,3
899,UANQntvIqVk.000.mp4,4,3
900,UANQntvIqVk.003.mp4,4,3
901,UANQntvIqVk.004.mp4,4,3
902,UANQntvIqVk.001.mp4,4,3
903,UANQntvIqVk.005.mp4,4,4
904,UCKiPkp4ZkA.000.mp4,4,2
905,UCKiPkp4ZkA.002.mp4,4,3
906,UD-8YYU7GZs.000.mp4,4,3
907,UD-8YYU7GZs.003.mp4,4,3
908,UD-8YYU7GZs.004.mp4,4,3
909,UD-8YYU7GZs.002.mp4,4,3
910,UqfFvPT9mEs.000.mp4,4,2
911,UsmwjNu3kgQ.001.mp4,4,4
912,V2nvyZB-JNM.000.mp4,4,3
913,V2nvyZB-JNM.001.mp4,4,3
914,V2nvyZB-JNM.002.mp4,4,3
915,V2nvyZB-JNM.003.mp4,4,3
916,V2nvyZB-JNM.004.mp4,4,2
917,V2nvyZB-JNM.005.mp4,4,4
918,VNK6LQHh25w.000.mp4,4,3
919,VNK6LQHh25w.003.mp4,4,3
920,VNK6LQHh25w.004.mp4,4,3
921,VNK6LQHh25w.002.mp4,4,4
922,VNK6LQHh25w.005.mp4,4,3
923,VUGWfw5PVLY.000.mp4,4,2
924,VUGWfw5PVLY.002.mp4,4,2
925,VUGWfw5PVLY.001.mp4,4,2
926,Vd9biSOZ5CI.001.mp4,4,3
927,Vd9biSOZ5CI.002.mp4,4,4
928,Vd9biSOZ5CI.003.mp4,4,3
929,Vd9biSOZ5CI.004.mp4,4,3
930,VsY6jAlvb9o.000.mp4,4,2
931,VxtZDXM0cuQ.001.mp4,4,3
932,VxtZDXM0cuQ.002.mp4,4,3
933,VxtZDXM0cuQ.004.mp4,4,3
934,VxtZDXM0cuQ.005.mp4,4,4
935,VxtZDXM0cuQ.000.mp4,4,2
936,VxtZDXM0cuQ.003.mp4,4,2
937,WER4ww680QQ.000.mp4,4,3
938,WER4ww680QQ.002.mp4,4,3
939,WER4ww680QQ.004.mp4,4,4
940,WTzDOt2GO1M.000.mp4,4,3
941,WTzDOt2GO1M.001.mp4,4,3
942,WTzDOt2GO1M.002.mp4,4,3
943,WTzDOt2GO1M.003.mp4,4,3
944,WTzDOt2GO1M.005.mp4,4,4
945,WTzDOt2GO1M.004.mp4,4,2
946,Wx_oe0SxD9w.000.mp4,4,3
947,Wx_oe0SxD9w.001.mp4,4,3
948,Wx_oe0SxD9w.002.mp4,4,3
949,Wx_oe0SxD9w.003.mp4,4,3
950,Wx_oe0SxD9w.004.mp4,4,3
951,Wx_oe0SxD9w.005.mp4,4,3
952,X-i_eQ48DBw.000.mp4,4,2
953,X-i_eQ48DBw.001.mp4,4,4
954,X-i_eQ48DBw.004.mp4,4,3
955,X-i_eQ48DBw.002.mp4,4,3
956,X-i_eQ48DBw.003.mp4,4,5
957,XDwSKV_-Rhc.000.mp4,4,3
958,XT4rTk6-Etc.000.mp4,4,3
959,XT4rTk6-Etc.001.mp4,4,4
960,XT4rTk6-Etc.002.mp4,4,3
961,XT4rTk6-Etc.003.mp4,4,3
962,XT4rTk6-Etc.004.mp4,4,3
963,YC3X1DcnUrk.000.mp4,4,5
964,YC3X1DcnUrk.001.mp4,4,4
965,YC3X1DcnUrk.005.mp4,4,4
966,YXz6s1XNOLs.000.mp4,4,2
967,YXz6s1XNOLs.002.mp4,4,3
968,YXz6s1XNOLs.004.mp4,4,3
969,YXz6s1XNOLs.005.mp4,4,2
970,YjXUMygVw7U.002.mp4,4,3
971,YjXUMygVw7U.004.mp4,4,4
972,YjXUMygVw7U.005.mp4,4,2
973,ZCLfVue6xAg.001.mp4,4,4
974,ZCLfVue6xAg.002.mp4,4,3
975,ZCLfVue6xAg.003.mp4,4,3
976,ZCLfVue6xAg.005.mp4,4,4
977,ZCLfVue6xAg.000.mp4,4,3
978,ZRl_k6DzTeI.000.mp4,4,2
979,ZRl_k6DzTeI.001.mp4,4,2
980,ZRl_k6DzTeI.002.mp4,4,4
981,ZRl_k6DzTeI.004.mp4,4,2
982,ZRl_k6DzTeI.005.mp4,4,4
983,ZXeO5dRFrj0.001.mp4,4,3
984,ZXeO5dRFrj0.005.mp4,4,3
985,Zdz0TqboSNI.001.mp4,4,4
986,Zdz0TqboSNI.002.mp4,4,2
987,ZvxUUh2wN7s.000.mp4,4,5
988,ZvxUUh2wN7s.002.mp4,4,2
989,_IQX3zjINy4.003.mp4,4,3
990,aMmEPRJGocM.000.mp4,4,3
991,aMmEPRJGocM.004.mp4,4,3
992,ahqyOhg6D7c.001.mp4,4,3
993,ahqyOhg6D7c.003.mp4,4,3
994,aoRjg63uRww.003.mp4,4,2
995,aoRjg63uRww.004.mp4,4,4
996,ask-ZFRztf8.001.mp4,4,3
997,ask-ZFRztf8.002.mp4,4,3
998,ask-ZFRztf8.005.mp4,4,3
999,ask-ZFRztf8.000.mp4,5,2
1000,ask-ZFRztf8.003.mp4,4,3
1001,atdhaGEh_0c.000.mp4,4,3
1002,bBqZyG-9ksM.000.mp4,4,3
1003,bBqZyG-9ksM.003.mp4,4,2
1004,bBqZyG-9ksM.004.mp4,4,3
1005,bBqZyG-9ksM.005.mp4,4,4
1006,bBqZyG-9ksM.001.mp4,4,3
1007,bBqZyG-9ksM.002.mp4,4,2
1008,bDjqDn6susQ.000.mp4,4,3
1009,bDjqDn6susQ.002.mp4,4,3
1010,bDjqDn6susQ.001.mp4,4,3
1011,bFwtVtZodIg.001.mp4,4,3
1012,bFwtVtZodIg.002.mp4,4,3
1013,bFwtVtZodIg.003.mp4,4,3
1014,bFwtVtZodIg.004.mp4,4,3
1015,bYXRyimxh7A.000.mp4,4,4
1016,bYXRyimxh7A.002.mp4,4,3
1017,bYXRyimxh7A.003.mp4,4,3
1018,bYXRyimxh7A.004.mp4,4,4
1019,bYXRyimxh7A.005.mp4,4,3
1020,bYXRyimxh7A.001.mp4,4,2
1021,c2LeNguVNrI.000.mp4,4,3
1022,c2LeNguVNrI.002.mp4,4,3
1023,c2LeNguVNrI.003.mp4,4,3
1024,c2LeNguVNrI.005.mp4,4,3
1025,c2LeNguVNrI.001.mp4,4,3
1026,cOossY5pTrU.001.mp4,4,2
1027,cOossY5pTrU.002.mp4,4,2
1028,cOossY5pTrU.003.mp4,4,2
1029,cOossY5pTrU.005.mp4,4,3
1030,cWZudzeJVXg.000.mp4,4,4
1031,cWZudzeJVXg.002.mp4,4,4
1032,cWZudzeJVXg.003.mp4,4,4
1033,cWZudzeJVXg.004.mp4,4,3
1034,cWZudzeJVXg.001.mp4,4,3
1035,cY3nHc5fDYE.000.mp4,4,3
1036,cY3nHc5fDYE.003.mp4,4,4
1037,cY3nHc5fDYE.004.mp4,4,4
1038,cY3nHc5fDYE.001.mp4,4,3
1039,cY3nHc5fDYE.002.mp4,4,3
1040,cY3nHc5fDYE.005.mp4,4,2
1041,c_pyBvsSlCY.004.mp4,4,3
1042,cgT-3CHBmKs.000.mp4,4,3
1043,cgT-3CHBmKs.001.mp4,4,4
1044,cgT-3CHBmKs.003.mp4,4,2
1045,cgT-3CHBmKs.004.mp4,4,3
1046,cgT-3CHBmKs.005.mp4,4,3
1047,cgT-3CHBmKs.002.mp4,4,4
1048,dB65He57Ki8.001.mp4,4,3
1049,dB65He57Ki8.002.mp4,4,4
1050,dB65He57Ki8.003.mp4,4,3
1051,dB65He57Ki8.004.mp4,4,2
1052,dB65He57Ki8.005.mp4,4,3
1053,dB65He57Ki8.000.mp4,4,3
1054,dT5R3T-Q1kg.002.mp4,4,3
1055,dVwDf5N2NRA.001.mp4,4,4
1056,dVwDf5N2NRA.002.mp4,4,3
1057,dVwDf5N2NRA.003.mp4,4,3
1058,dVwDf5N2NRA.004.mp4,4,3
1059,dVwDf5N2NRA.005.mp4,4,2
1060,djsoQkroHpo.000.mp4,4,3
1061,djsoQkroHpo.001.mp4,4,2
1062,djsoQkroHpo.003.mp4,4,3
1063,djsoQkroHpo.005.mp4,4,3
1064,dkhnv1EBvKI.000.mp4,4,3
1065,dkhnv1EBvKI.001.mp4,4,3
1066,dkhnv1EBvKI.002.mp4,4,3
1067,dkhnv1EBvKI.003.mp4,4,3
1068,dkhnv1EBvKI.004.mp4,4,3
1069,dkhnv1EBvKI.005.mp4,4,3
1070,erJNMcO69Eo.000.mp4,4,4
1071,erJNMcO69Eo.001.mp4,4,3
1072,erJNMcO69Eo.002.mp4,4,3
1073,erJNMcO69Eo.005.mp4,4,3
1074,f0LnGz5Z6kA.000.mp4,4,4
1075,f0LnGz5Z6kA.002.mp4,4,3
1076,f0LnGz5Z6kA.003.mp4,4,2
1077,fY4gU5NiV_I.001.mp4,4,3
1078,feg-RNvT-t0.000.mp4,4,3
1079,feg-RNvT-t0.002.mp4,4,3
1080,feg-RNvT-t0.003.mp4,4,3
1081,feg-RNvT-t0.004.mp4,4,4
1082,fmjILOLc3eg.001.mp4,4,2
1083,fmjILOLc3eg.004.mp4,4,3
1084,fwJykIyvS04.001.mp4,4,3
1085,fwJykIyvS04.005.mp4,4,4
1086,fwJykIyvS04.003.mp4,4,2
1087,fwJykIyvS04.004.mp4,4,3
1088,g0PWBzU95sI.000.mp4,4,4
1089,g0PWBzU95sI.001.mp4,4,3
1090,g0PWBzU95sI.002.mp4,4,3
1091,g0PWBzU95sI.004.mp4,4,3
1092,g0PWBzU95sI.003.mp4,4,2
1093,gZblxCs4EV4.001.mp4,4,3
1094,gZblxCs4EV4.002.mp4,4,3
1095,h6LOjpCRXtY.003.mp4,4,3
1096,h6LOjpCRXtY.005.mp4,4,3
1097,h6LOjpCRXtY.000.mp4,4,3
1098,h6LOjpCRXtY.002.mp4,4,3
1099,h7qbP1GS50U.000.mp4,4,3
1100,h7qbP1GS50U.003.mp4,4,3
1101,h7qbP1GS50U.004.mp4,4,4
1102,hi8A0nUHnL8.003.mp4,4,3
1103,huIQlWsIEvY.000.mp4,4,4
1104,huIQlWsIEvY.001.mp4,4,2
1105,huIQlWsIEvY.002.mp4,4,3
1106,huIQlWsIEvY.003.mp4,4,3
1107,huIQlWsIEvY.004.mp4,4,3
1108,huIQlWsIEvY.005.mp4,4,4
1109,i4IVTm3uvoM.000.mp4,4,3
1110,i4IVTm3uvoM.002.mp4,4,3
1111,i4IVTm3uvoM.003.mp4,4,2
1112,i4IVTm3uvoM.004.mp4,4,3
1113,i4IVTm3uvoM.005.mp4,4,4
1114,iPblZBQpafs.001.mp4,4,2
1115,iPblZBQpafs.002.mp4,4,3
1116,iPblZBQpafs.003.mp4,4,2
1117,iPblZBQpafs.004.mp4,4,3
1118,iPblZBQpafs.005.mp4,4,3
1119,ikCqtEGQbrg.000.mp4,4,4
1120,ikCqtEGQbrg.003.mp4,4,4
1121,ikCqtEGQbrg.002.mp4,4,3
1122,in-HuMgiDCE.000.mp4,4,3
1123,in-HuMgiDCE.001.mp4,4,2
1124,in-HuMgiDCE.002.mp4,4,4
1125,in-HuMgiDCE.003.mp4,4,3
1126,in-HuMgiDCE.004.mp4,4,3
1127,in-HuMgiDCE.005.mp4,4,3
1128,iz_eT0DXx3s.001.mp4,4,4
1129,j1idNSoB7tA.000.mp4,4,2
1130,j1idNSoB7tA.005.mp4,4,3
1131,jub-AHFTH_g.000.mp4,4,3
1132,jub-AHFTH_g.001.mp4,4,3
1133,jvHDFrgu9PA.005.mp4,4,3
1134,jvHDFrgu9PA.002.mp4,4,3
1135,kDP6_hiBR0o.002.mp4,4,3
1136,kDP6_hiBR0o.003.mp4,4,4
1137,kDP6_hiBR0o.005.mp4,4,3
1138,kDXYolv-8p8.000.mp4,4,3
1139,kDXYolv-8p8.002.mp4,4,3
1140,kDXYolv-8p8.003.mp4,4,3
1141,kDXYolv-8p8.005.mp4,4,4
1142,kFak4VnRnRM.001.mp4,4,3
1143,kFak4VnRnRM.002.mp4,4,3
1144,kFak4VnRnRM.004.mp4,4,3
1145,kFak4VnRnRM.005.mp4,4,3
1146,kFak4VnRnRM.000.mp4,4,3
1147,kHK5PkwJS7Y.003.mp4,4,4
1148,kN9cs2nFhM4.002.mp4,4,3
1149,kN9cs2nFhM4.003.mp4,4,2
1150,kN9cs2nFhM4.004.mp4,4,3
1151,kN9cs2nFhM4.005.mp4,4,4
1152,kN9cs2nFhM4.001.mp4,4,3
1153,kSk-rf7a1Ig.000.mp4,4,2
1154,kSk-rf7a1Ig.001.mp4,4,3
1155,kSk-rf7a1Ig.002.mp4,4,4
1156,kSk-rf7a1Ig.003.mp4,4,2
1157,kSk-rf7a1Ig.004.mp4,4,3
1158,kSk-rf7a1Ig.005.mp4,4,4
1159,kUv0BJQmKq0.000.mp4,4,3
1160,kUv0BJQmKq0.001.mp4,4,3
1161,kUv0BJQmKq0.002.mp4,4,3
1162,kUv0BJQmKq0.003.mp4,4,3
1163,keGXYAcUXmA.001.mp4,4,3
1164,keGXYAcUXmA.002.mp4,4,4
1165,keGXYAcUXmA.005.mp4,4,3
1166,kp3c66Igyr8.001.mp4,4,3
1167,kp3c66Igyr8.002.mp4,4,3
1168,kp3c66Igyr8.004.mp4,4,3
1169,kp3c66Igyr8.005.mp4,4,3
1170,kxJVM1-pYxc.005.mp4,4,3
1171,l3RE0rN7oEg.001.mp4,4,4
1172,l3RE0rN7oEg.003.mp4,4,4
1173,l3RE0rN7oEg.004.mp4,4,3
1174,lLKwlPLdYig.000.mp4,4,2
1175,lLKwlPLdYig.001.mp4,4,3
1176,lyZZSU1ziCQ.000.mp4,4,4
1177,lyZZSU1ziCQ.001.mp4,4,3
1178,lyZZSU1ziCQ.002.mp4,4,3
1179,lyZZSU1ziCQ.003.mp4,4,3
1180,lyZZSU1ziCQ.005.mp4,4,3
1181,lyZZSU1ziCQ.004.mp4,4,4
1182,mM6QbrCrdLo.000.mp4,4,3
1183,mMNjlGNWsZA.001.mp4,4,2
1184,mMNjlGNWsZA.000.mp4,4,3
1185,mXaI17Dx7u0.000.mp4,4,2
1186,mXaI17Dx7u0.001.mp4,4,3
1187,mXaI17Dx7u0.002.mp4,4,4
1188,mXaI17Dx7u0.003.mp4,4,2
1189,mXaI17Dx7u0.004.mp4,4,2
1190,mZzWhUI0CP0.001.mp4,4,3
1191,mZzWhUI0CP0.002.mp4,4,4
1192,mZzWhUI0CP0.003.mp4,4,3
1193,mZzWhUI0CP0.004.mp4,4,3
1194,mZzWhUI0CP0.005.mp4,4,3
1195,mfcs3Ta49K8.000.mp4,4,2
1196,mhF4kYTlVUE.000.mp4,4,3
1197,mhF4kYTlVUE.001.mp4,4,3
1198,mhF4kYTlVUE.002.mp4,4,4
1199,mhF4kYTlVUE.003.mp4,4,3
1200,mhF4kYTlVUE.004.mp4,4,2
1201,mhF4kYTlVUE.005.mp4,4,3
1202,mlsiYewUwO0.002.mp4,4,3
1203,mlsiYewUwO0.003.mp4,4,3
1204,mlsiYewUwO0.005.mp4,4,4
1205,mrMp9EorOxE.000.mp4,4,3
1206,n8IiQJyqjiE.000.mp4,4,2
1207,n8IiQJyqjiE.001.mp4,4,4
1208,n8IiQJyqjiE.003.mp4,4,2
1209,n8IiQJyqjiE.004.mp4,4,3
1210,n8IiQJyqjiE.002.mp4,4,3
1211,n8IiQJyqjiE.005.mp4,4,4
1212,nEm44UpCKmA.000.mp4,4,3
1213,nEm44UpCKmA.001.mp4,4,4
1214,nEm44UpCKmA.003.mp4,4,4
1215,nEm44UpCKmA.002.mp4,4,3
1216,nEm44UpCKmA.004.mp4,4,2
1217,nI6qUE8N8hk.000.mp4,4,3
1218,nUazOUcW_AM.002.mp4,4,3
1219,nUazOUcW_AM.004.mp4,4,3
1220,nUazOUcW_AM.005.mp4,4,3
1221,nex61B854Ms.000.mp4,4,4
1222,nex61B854Ms.003.mp4,4,3
1223,nex61B854Ms.004.mp4,4,3
1224,nex61B854Ms.005.mp4,4,3
1225,nex61B854Ms.001.mp4,4,3
1226,nfN9qJSVank.000.mp4,4,3
1227,nfN9qJSVank.002.mp4,4,4
1228,nfN9qJSVank.003.mp4,4,2
1229,nfN9qJSVank.004.mp4,4,4
1230,nfN9qJSVank.005.mp4,4,3
1231,nndDX4RgU1w.000.mp4,4,3
1232,nndDX4RgU1w.002.mp4,4,3
1233,nndDX4RgU1w.004.mp4,4,4
1234,nndDX4RgU1w.005.mp4,4,2
1235,nndDX4RgU1w.001.mp4,4,3
1236,nndDX4RgU1w.003.mp4,4,3
1237,noepjVnUVFY.000.mp4,4,4
1238,noepjVnUVFY.001.mp4,4,3
1239,noepjVnUVFY.002.mp4,4,2
1240,noepjVnUVFY.004.mp4,4,3
1241,o1mTIo1vPas.000.mp4,4,3
1242,o1mTIo1vPas.003.mp4,4,2
1243,o2wtRccAgjE.000.mp4,4,3
1244,o2wtRccAgjE.001.mp4,4,4
1245,o2wtRccAgjE.003.mp4,4,3
1246,o2wtRccAgjE.004.mp4,4,3
1247,o2wtRccAgjE.005.mp4,4,3
1248,oBE9f5xD9rk.000.mp4,4,3
1249,oBE9f5xD9rk.002.mp4,4,3
1250,oBE9f5xD9rk.004.mp4,4,3
1251,oBE9f5xD9rk.005.mp4,4,4
1252,obr7ktzX8w8.001.mp4,4,3
1253,obr7ktzX8w8.003.mp4,4,2
1254,obr7ktzX8w8.004.mp4,4,3
1255,obr7ktzX8w8.005.mp4,4,2
1256,oqXx6ipHfUE.000.mp4,4,4
1257,oqXx6ipHfUE.005.mp4,4,3
1258,oqXx6ipHfUE.004.mp4,4,3
1259,orlXEgAepGo.000.mp4,4,2
1260,orlXEgAepGo.002.mp4,4,3
1261,orlXEgAepGo.003.mp4,4,3
1262,orlXEgAepGo.001.mp4,4,4
1263,orlXEgAepGo.004.mp4,4,3
1264,osqQpQsJNPQ.000.mp4,4,2
1265,osqQpQsJNPQ.001.mp4,4,3
1266,osqQpQsJNPQ.002.mp4,4,4
1267,osqQpQsJNPQ.004.mp4,4,3
1268,osqQpQsJNPQ.005.mp4,4,2
1269,pHCPbKprJGY.001.mp4,4,3
1270,pHCPbKprJGY.003.mp4,4,3
1271,pHCPbKprJGY.004.mp4,4,4
1272,pJGLxS81YBc.004.mp4,4,4
1273,pkwzo1OkEmY.002.mp4,4,3
1274,pkwzo1OkEmY.004.mp4,4,2
1275,pkwzo1OkEmY.005.mp4,4,3
1276,pru5ut4lxkQ.000.mp4,4,3
1277,pru5ut4lxkQ.004.mp4,4,4
1278,pru5ut4lxkQ.001.mp4,4,3
1279,qMARpi60Hhs.000.mp4,4,2
1280,qMARpi60Hhs.002.mp4,4,3
1281,qMARpi60Hhs.003.mp4,4,4
1282,qMARpi60Hhs.004.mp4,4,3
1283,qMARpi60Hhs.005.mp4,4,3
1284,qP1UtCbMaW4.000.mp4,4,4
1285,qP1UtCbMaW4.002.mp4,4,3
1286,qP1UtCbMaW4.003.mp4,4,3
1287,qjWi69HY2Fc.000.mp4,4,2
1288,qjWi69HY2Fc.001.mp4,4,3
1289,qjWi69HY2Fc.002.mp4,4,3
1290,qrjx2kxg6M4.002.mp4,4,2
1291,qsb1j9bEENs.000.mp4,4,3
1292,qsb1j9bEENs.002.mp4,4,4
1293,rBxWZzkEncE.001.mp4,4,2
1294,rBxWZzkEncE.002.mp4,4,3
1295,rBxWZzkEncE.003.mp4,4,3
1296,rBxWZzkEncE.004.mp4,4,3
1297,s6N1pv5lzrU.002.mp4,4,2
1298,s6N1pv5lzrU.003.mp4,4,3
1299,s6N1pv5lzrU.005.mp4,4,3
1300,s6N1pv5lzrU.001.mp4,4,4
1301,sBw7VHQ74SY.005.mp4,4,3
1302,sduFj_uaZ-w.000.mp4,4,3
1303,shEsu57CYnA.000.mp4,4,4
1304,shEsu57CYnA.001.mp4,4,2
1305,shEsu57CYnA.002.mp4,4,4
1306,shEsu57CYnA.003.mp4,4,3
1307,shEsu57CYnA.004.mp4,4,3
1308,shEsu57CYnA.005.mp4,4,4
1309,shV5Fbzn9pw.002.mp4,4,3
1310,shV5Fbzn9pw.003.mp4,4,2
1311,ssexxLJLuhU.001.mp4,4,3
1312,ssexxLJLuhU.002.mp4,4,2
1313,t9wFHk9TM-U.000.mp4,4,3
1314,t9wFHk9TM-U.001.mp4,4,3
1315,t9wFHk9TM-U.002.mp4,4,4
1316,t9wFHk9TM-U.003.mp4,4,4
1317,tiVKJWLzmk4.000.mp4,4,3
1318,tiVKJWLzmk4.001.mp4,4,3
1319,tiVKJWLzmk4.002.mp4,4,2
1320,tiVKJWLzmk4.003.mp4,4,4
1321,tiVKJWLzmk4.004.mp4,4,3
1322,tiVKJWLzmk4.005.mp4,4,3
1323,twO6ceVTuII.001.mp4,4,3
1324,twO6ceVTuII.002.mp4,4,4
1325,twO6ceVTuII.003.mp4,4,3
1326,twO6ceVTuII.004.mp4,4,2
1327,twO6ceVTuII.005.mp4,4,3
1328,uE2U_Y7QrIw.000.mp4,4,3
1329,uE2U_Y7QrIw.002.mp4,4,2
1330,uE2U_Y7QrIw.003.mp4,4,4
1331,uE2U_Y7QrIw.004.mp4,4,3
1332,uE2U_Y7QrIw.001.mp4,4,3
1333,ua5c716lu5s.000.mp4,4,3
1334,ua5c716lu5s.001.mp4,4,2
1335,ua5c716lu5s.002.mp4,4,3
1336,ua5c716lu5s.003.mp4,4,3
1337,ua5c716lu5s.004.mp4,4,2
1338,ua5c716lu5s.005.mp4,4,4
1339,vJDx6TCX32M.000.mp4,4,3
1340,vJDx6TCX32M.001.mp4,4,3
1341,vJDx6TCX32M.004.mp4,4,3
1342,vJDx6TCX32M.005.mp4,4,3
1343,vOxgWKGNEYc.000.mp4,4,4
1344,vxuBHsokOX4.001.mp4,4,4
1345,vxuBHsokOX4.005.mp4,4,3
1346,w989xx44UQI.000.mp4,4,3
1347,w989xx44UQI.001.mp4,4,3
1348,w989xx44UQI.003.mp4,4,3
1349,w989xx44UQI.004.mp4,4,3
1350,w989xx44UQI.005.mp4,4,3
1351,wNH5FmWVr-M.001.mp4,4,4
1352,wuTgJGTEK-0.000.mp4,4,3
1353,xLfLuyIQOJE.000.mp4,4,3
1354,xLfLuyIQOJE.001.mp4,4,4
1355,xLfLuyIQOJE.002.mp4,4,3
1356,xLfLuyIQOJE.003.mp4,4,4
1357,xLfLuyIQOJE.004.mp4,4,3
1358,xLfLuyIQOJE.005.mp4,4,3
1359,xZ9iwqHw7GY.001.mp4,4,2
1360,xZ9iwqHw7GY.002.mp4,4,3
1361,xZ9iwqHw7GY.003.mp4,4,3
1362,xgRqkTXmZko.000.mp4,4,3
1363,xgRqkTXmZko.001.mp4,4,2
1364,xpSCu7PgJts.000.mp4,4,4
1365,xpSCu7PgJts.001.mp4,4,3
1366,xpSCu7PgJts.004.mp4,4,4
1367,xvLi31p57oA.004.mp4,4,3
1368,y3_71Wpt9eA.001.mp4,4,3
1369,y3_71Wpt9eA.005.mp4,4,2
1370,y3_71Wpt9eA.003.mp4,4,4
1371,yAVnxsaTyuE.001.mp4,4,3
1372,yIM5bal1VVs.000.mp4,4,3
1373,yIM5bal1VVs.003.mp4,4,3
1374,yIM5bal1VVs.004.mp4,4,4
1375,yIM5bal1VVs.005.mp4,4,3
1376,yIM5bal1VVs.001.mp4,4,3
1377,yIM5bal1VVs.002.mp4,4,4
1378,ya8Ec_yTai8.002.mp4,4,4
1379,ya8Ec_yTai8.003.mp4,4,3
1380,ya8Ec_yTai8.000.mp4,4,3
1381,yozI_jvMrTw.004.mp4,4,4
1382,yozI_jvMrTw.005.mp4,4,4
1383,yp-tfq1NxBk.003.mp4,4,2
1384,yp-tfq1NxBk.005.mp4,4,2
1385,yp-tfq1NxBk.001.mp4,4,3
1386,zDRQAU7MtjA.002.mp4,4,3
1387,zDSpbDg6WB8.002.mp4,4,3
1388,zRiS2gIUc9s.000.mp4,4,4
1389,zRiS2gIUc9s.001.mp4,4,3
1390,zwO2zBdbCb4.001.mp4,4,3
1391,zwO2zBdbCb4.002.mp4,4,3
1392,zwO2zBdbCb4.004.mp4,4,3
1393,-m5QCnnp-vI.000.mp4,4,2
1394,6V807Mf_gHM.003.mp4,4,3
1395,6V807Mf_gHM.004.mp4,4,4
1396,7gXF3MVPXPU.005.mp4,4,3
1397,7tB2Rtm4XeU.002.mp4,4,3
1398,7tB2Rtm4XeU.003.mp4,4,4
1399,EoakbXJmcto.001.mp4,4,3
1400,GJ0uTtD3kSg.000.mp4,4,3
1401,JSEx8RqGcPs.003.mp4,4,4
1402,KafUbLs_Fl8.000.mp4,4,3
1403,QXc2qhIHfAA.002.mp4,4,2
1404,R2LlBNLDOeg.000.mp4,4,4
1405,W48yW9XTI4c.000.mp4,4,3
1406,XnSbc0tEzQ0.005.mp4,4,3
1407,ZYmZ6fOnEVg.000.mp4,4,2
1408,_lQinJGE7Qs.005.mp4,4,2
1409,iEgV9E3xm90.004.mp4,4,3
1410,n9eruV15f3o.003.mp4,4,3
1411,syJo_sm8IqQ.001.mp4,4,4
1412,vzttwG7SKZ8.001.mp4,4,3
1413,vzttwG7SKZ8.002.mp4,4,3
1414,wyq_eWJClSY.001.mp4,4,3
1415,wyq_eWJClSY.005.mp4,4,3
1416,-8asrRvfJWA.001.mp4,5,4
1417,-8asrRvfJWA.003.mp4,5,3
1418,-8asrRvfJWA.004.mp4,5,4
1419,-8asrRvfJWA.002.mp4,5,2
1420,-OXMbG7ZwRk.000.mp4,5,3
1421,-OXMbG7ZwRk.003.mp4,5,4
1422,-OXMbG7ZwRk.004.mp4,5,3
1423,-OXMbG7ZwRk.005.mp4,5,3
1424,-RqxrwIxMvE.002.mp4,5,4
1425,-RqxrwIxMvE.004.mp4,5,2
1426,0D7W2pR4RpQ.004.mp4,5,3
1427,13kjwEtSyXc.000.mp4,5,3
1428,13kjwEtSyXc.002.mp4,5,3
1429,13kjwEtSyXc.004.mp4,5,2
1430,13kjwEtSyXc.003.mp4,5,4
1431,1mHjMNZZvFo.000.mp4,5,3
1432,1mHjMNZZvFo.002.mp4,5,3
1433,1mHjMNZZvFo.003.mp4,5,3
1434,1mHjMNZZvFo.004.mp4,5,4
1435,1mHjMNZZvFo.005.mp4,5,3
1436,1mHjMNZZvFo.001.mp4,5,3
1437,1yjRBwUiYxs.005.mp4,5,4
1438,2-LDYe7OXZU.000.mp4,5,4
1439,2-LDYe7OXZU.001.mp4,5,3
1440,2-LDYe7OXZU.003.mp4,5,2
1441,2-LDYe7OXZU.004.mp4,5,3
1442,2-LDYe7OXZU.005.mp4,5,3
1443,2-LDYe7OXZU.002.mp4,5,2
1444,2rV3Ibtdnvs.000.mp4,5,2
1445,2rV3Ibtdnvs.001.mp4,5,3
1446,2rV3Ibtdnvs.002.mp4,5,2
1447,3GylAjrajHs.003.mp4,5,3
1448,3GylAjrajHs.004.mp4,5,2
1449,3GylAjrajHs.005.mp4,5,4
1450,4XdZDodpzac.000.mp4,5,3
1451,4XdZDodpzac.001.mp4,5,3
1452,4XdZDodpzac.002.mp4,5,3
1453,4XdZDodpzac.003.mp4,5,3
1454,4XdZDodpzac.004.mp4,5,3
1455,4lH5nLSwmoM.001.mp4,5,3
1456,4lH5nLSwmoM.002.mp4,5,4
1457,4lH5nLSwmoM.003.mp4,5,3
1458,4lH5nLSwmoM.004.mp4,5,3
1459,4vJ69g7gAH4.000.mp4,5,3
1460,4vJ69g7gAH4.001.mp4,5,3
1461,4vJ69g7gAH4.003.mp4,5,4
1462,4vJ69g7gAH4.005.mp4,5,3
1463,4vJ69g7gAH4.002.mp4,5,3
1464,4vdJGgZpj4k.004.mp4,4,3
1465,4vdJGgZpj4k.005.mp4,4,3
1466,4vdJGgZpj4k.000.mp4,4,2
1467,4vdJGgZpj4k.003.mp4,4,4
1468,6NHEp_CF2jE.000.mp4,5,3
1469,6h6kk-tPzmE.000.mp4,5,2
1470,7pLYJKO75_c.001.mp4,5,3
1471,7pLYJKO75_c.004.mp4,5,4
1472,7pLYJKO75_c.005.mp4,5,4
1473,84emxO86qa8.001.mp4,5,3
1474,84emxO86qa8.002.mp4,5,3
1475,84emxO86qa8.004.mp4,5,3
1476,84emxO86qa8.005.mp4,5,3
1477,8XBprf4NyOg.001.mp4,5,4
1478,8XBprf4NyOg.002.mp4,5,2
1479,8XBprf4NyOg.003.mp4,5,2
1480,8XBprf4NyOg.004.mp4,5,2
1481,8XBprf4NyOg.005.mp4,5,3
1482,8XBprf4NyOg.000.mp4,5,4
1483,8gvBbE6iZNo.000.mp4,5,3
1484,8gvBbE6iZNo.001.mp4,5,2
1485,8gvBbE6iZNo.003.mp4,5,3
1486,8gvBbE6iZNo.004.mp4,5,3
1487,8gvBbE6iZNo.005.mp4,5,3
1488,8gvBbE6iZNo.002.mp4,5,3
1489,8mZZlnbmOYE.000.mp4,5,3
1490,8mZZlnbmOYE.001.mp4,5,4
1491,8mZZlnbmOYE.003.mp4,5,3
1492,8mZZlnbmOYE.004.mp4,5,2
1493,8mZZlnbmOYE.005.mp4,5,3
1494,8waTw8jF1Ys.000.mp4,5,3
1495,9Lbj3wpwk-c.000.mp4,5,4
1496,9Lbj3wpwk-c.001.mp4,5,3
1497,9Lbj3wpwk-c.003.mp4,5,3
1498,9Lbj3wpwk-c.004.mp4,5,2
1499,9Lbj3wpwk-c.005.mp4,5,3
1500,9mAw0B-mEPQ.001.mp4,5,3
1501,9mAw0B-mEPQ.005.mp4,5,3
1502,Arsrkqma4i4.000.mp4,5,2
1503,Arsrkqma4i4.001.mp4,5,3
1504,Ay7bZ7Sgx9Q.000.mp4,5,4
1505,Ay7bZ7Sgx9Q.001.mp4,5,4
1506,Ay7bZ7Sgx9Q.003.mp4,5,3
1507,Ay7bZ7Sgx9Q.004.mp4,5,3
1508,Ay7bZ7Sgx9Q.005.mp4,5,4
1509,Ay7bZ7Sgx9Q.002.mp4,5,4
1510,BLc_GvsbI1U.000.mp4,5,3
1511,BLc_GvsbI1U.003.mp4,5,3
1512,BLc_GvsbI1U.001.mp4,5,3
1513,BLc_GvsbI1U.004.mp4,5,3
1514,BLc_GvsbI1U.005.mp4,5,3
1515,Bije9nsMl7M.000.mp4,5,2
1516,Bije9nsMl7M.003.mp4,5,3
1517,Bije9nsMl7M.004.mp4,5,2
1518,Bije9nsMl7M.005.mp4,5,3
1519,Bije9nsMl7M.002.mp4,5,4
1520,CyzKot0CNyU.000.mp4,5,3
1521,CyzKot0CNyU.002.mp4,5,3
1522,DSYiLCGNDP0.000.mp4,5,4
1523,DSYiLCGNDP0.001.mp4,5,4
1524,DSYiLCGNDP0.003.mp4,5,3
1525,DogbMnh5k0o.002.mp4,5,3
1526,DogbMnh5k0o.004.mp4,5,3
1527,F5kL7RWS_f0.000.mp4,5,2
1528,F5kL7RWS_f0.001.mp4,5,3
1529,F5kL7RWS_f0.003.mp4,5,3
1530,F5kL7RWS_f0.004.mp4,5,4
1531,F5kL7RWS_f0.005.mp4,5,4
1532,Fgq5I4bkq2s.001.mp4,5,3
1533,FwjoTGcsFNg.000.mp4,5,2
1534,FwjoTGcsFNg.001.mp4,5,4
1535,FwjoTGcsFNg.002.mp4,5,3
1536,FwjoTGcsFNg.003.mp4,5,2
1537,FwjoTGcsFNg.004.mp4,5,3
1538,FwjoTGcsFNg.005.mp4,5,3
1539,G2D3qU6R_YA.001.mp4,5,4
1540,G2D3qU6R_YA.002.mp4,5,3
1541,G2D3qU6R_YA.004.mp4,5,3
1542,G2D3qU6R_YA.000.mp4,5,4
1543,G2D3qU6R_YA.003.mp4,5,3
1544,GQczMGrVgbc.000.mp4,5,3
1545,GQczMGrVgbc.001.mp4,5,3
1546,GQczMGrVgbc.002.mp4,5,3
1547,GQczMGrVgbc.004.mp4,5,3
1548,GyLjVOVPGKQ.001.mp4,5,3
1549,GyLjVOVPGKQ.003.mp4,5,2
1550,GyLjVOVPGKQ.004.mp4,5,3
1551,GyLjVOVPGKQ.005.mp4,5,3
1552,GyLjVOVPGKQ.000.mp4,5,4
1553,GyLjVOVPGKQ.002.mp4,5,3
1554,IQNNEfYYYiw.003.mp4,5,4
1555,IQNNEfYYYiw.005.mp4,5,3
1556,IQNNEfYYYiw.000.mp4,5,3
1557,IQNNEfYYYiw.001.mp4,5,2
1558,IQNNEfYYYiw.004.mp4,5,4
1559,Kbcvurfuvhk.000.mp4,5,3
1560,Kbcvurfuvhk.001.mp4,5,4
1561,Kbcvurfuvhk.002.mp4,5,3
1562,Kbcvurfuvhk.003.mp4,5,3
1563,Kbcvurfuvhk.004.mp4,5,4
1564,Kv0kZgqZEM0.000.mp4,5,3
1565,Kv0kZgqZEM0.002.mp4,5,2
1566,Kv0kZgqZEM0.003.mp4,5,3
1567,Kv0kZgqZEM0.004.mp4,5,2
1568,Kv0kZgqZEM0.005.mp4,5,4
1569,LKBoLbWHJYI.001.mp4,5,3
1570,LKBoLbWHJYI.002.mp4,5,3
1571,LKBoLbWHJYI.003.mp4,5,2
1572,LKBoLbWHJYI.000.mp4,5,3
1573,LeQKH1vAVpg.000.mp4,5,3
1574,LeQKH1vAVpg.001.mp4,5,3
1575,LeQKH1vAVpg.003.mp4,5,2
1576,LeQKH1vAVpg.004.mp4,5,3
1577,LeQKH1vAVpg.005.mp4,5,2
1578,LeQKH1vAVpg.002.mp4,5,2
1579,Lz3suTodXQM.002.mp4,5,3
1580,Lz3suTodXQM.005.mp4,5,3
1581,NPOSIyDF-Sg.002.mp4,5,4
1582,NoHext7JXYU.000.mp4,5,3
1583,NoHext7JXYU.003.mp4,5,2
1584,NoHext7JXYU.004.mp4,5,3
1585,NoHext7JXYU.002.mp4,5,4
1586,NoHext7JXYU.005.mp4,5,3
1587,OMHlfDF99Mw.000.mp4,4,3
1588,OMHlfDF99Mw.003.mp4,4,2
1589,OMHlfDF99Mw.004.mp4,4,4
1590,OMHlfDF99Mw.001.mp4,4,3
1591,OMHlfDF99Mw.002.mp4,4,3
1592,OMHlfDF99Mw.005.mp4,4,3
1593,P6g1mZ3f76U.000.mp4,5,3
1594,P6g1mZ3f76U.001.mp4,5,2
1595,P6g1mZ3f76U.002.mp4,5,4
1596,P6g1mZ3f76U.003.mp4,5,4
1597,P6g1mZ3f76U.005.mp4,5,4
1598,PTV5TBVRHxo.000.mp4,5,3
1599,PTV5TBVRHxo.001.mp4,5,3
1600,PTV5TBVRHxo.002.mp4,5,3
1601,PTV5TBVRHxo.004.mp4,5,4
1602,PTV5TBVRHxo.005.mp4,5,3
1603,PsHb4YHooKM.001.mp4,5,3
1604,PsHb4YHooKM.003.mp4,5,3
1605,PsHb4YHooKM.000.mp4,5,3
1606,PsHb4YHooKM.002.mp4,5,4
1607,PsHb4YHooKM.004.mp4,5,3
1608,QJcc95Y0XPw.002.mp4,5,3
1609,QJcc95Y0XPw.003.mp4,5,4
1610,R5uXsQsO6Uo.002.mp4,5,4
1611,R5uXsQsO6Uo.004.mp4,5,2
1612,RW4a2ERzTO8.000.mp4,5,4
1613,RW4a2ERzTO8.002.mp4,5,3
1614,RbX4q4KceVk.000.mp4,5,3
1615,RbX4q4KceVk.003.mp4,5,3
1616,RbX4q4KceVk.004.mp4,5,3
1617,RbX4q4KceVk.005.mp4,5,3
1618,RbX4q4KceVk.001.mp4,5,2
1619,T3v3-2tvV0s.000.mp4,5,3
1620,T3v3-2tvV0s.001.mp4,5,4
1621,T3v3-2tvV0s.002.mp4,5,3
1622,T3v3-2tvV0s.005.mp4,5,2
1623,T3v3-2tvV0s.003.mp4,5,3
1624,T3v3-2tvV0s.004.mp4,5,4
1625,TD3H2DOSi1Y.001.mp4,5,4
1626,TIRrlL71dEQ.000.mp4,5,3
1627,TIRrlL71dEQ.003.mp4,5,3
1628,TIRrlL71dEQ.005.mp4,5,3
1629,TIRrlL71dEQ.001.mp4,5,3
1630,UOvgGSx9k_k.001.mp4,5,4
1631,UOvgGSx9k_k.002.mp4,5,3
1632,UOvgGSx9k_k.003.mp4,5,3
1633,VAZLQqJa9rQ.001.mp4,5,3
1634,VAZLQqJa9rQ.002.mp4,5,4
1635,VAZLQqJa9rQ.003.mp4,5,3
1636,VAZLQqJa9rQ.004.mp4,5,4
1637,VAZLQqJa9rQ.000.mp4,5,3
1638,VUgKH9DIs-8.000.mp4,5,2
1639,VUgKH9DIs-8.001.mp4,5,3
1640,VUgKH9DIs-8.002.mp4,5,3
1641,VUgKH9DIs-8.003.mp4,5,3
1642,VUgKH9DIs-8.004.mp4,5,4
1643,VUgKH9DIs-8.005.mp4,5,3
1644,VvVigAr4hZc.001.mp4,5,3
1645,VvVigAr4hZc.003.mp4,5,3
1646,VvVigAr4hZc.000.mp4,5,4
1647,W0LRjSS9pVM.001.mp4,5,2
1648,W0LRjSS9pVM.004.mp4,5,2
1649,W0LRjSS9pVM.005.mp4,5,2
1650,W0LRjSS9pVM.002.mp4,5,4
1651,WuoQDp7pU24.000.mp4,5,3
1652,WuoQDp7pU24.001.mp4,5,3
1653,WuoQDp7pU24.002.mp4,5,4
1654,WuoQDp7pU24.003.mp4,5,3
1655,WuoQDp7pU24.004.mp4,5,3
1656,WwGca41TJVU.001.mp4,5,3
1657,WwGca41TJVU.002.mp4,5,3
1658,WwGca41TJVU.003.mp4,5,4
1659,WwGca41TJVU.000.mp4,5,3
1660,WwmWN63mkT4.000.mp4,5,2
1661,WwmWN63mkT4.005.mp4,5,3
1662,XH4rem3vS9w.003.mp4,5,3
1663,Xfmu-7JuDGg.000.mp4,5,4
1664,Xfmu-7JuDGg.001.mp4,5,3
1665,Xfmu-7JuDGg.002.mp4,5,3
1666,Xfmu-7JuDGg.004.mp4,5,3
1667,Xfmu-7JuDGg.005.mp4,5,3
1668,Y9wnqLKhNNI.002.mp4,5,3
1669,Y9wnqLKhNNI.000.mp4,5,3
1670,YbdJd16c3eo.002.mp4,5,4
1671,YbdJd16c3eo.004.mp4,5,2
1672,YygvfVxOWP8.000.mp4,5,4
1673,YygvfVxOWP8.001.mp4,5,3
1674,YygvfVxOWP8.002.mp4,5,4
1675,YygvfVxOWP8.004.mp4,5,3
1676,YygvfVxOWP8.005.mp4,5,3
1677,YygvfVxOWP8.003.mp4,5,4
1678,Z_STuUHKQTg.000.mp4,5,3
1679,Z_STuUHKQTg.002.mp4,5,3
1680,Z_STuUHKQTg.003.mp4,5,3
1681,Z_STuUHKQTg.004.mp4,5,2
1682,Z_STuUHKQTg.001.mp4,5,3
1683,_mvqVnzddCw.001.mp4,5,3
1684,_mvqVnzddCw.003.mp4,5,3
1685,_mvqVnzddCw.005.mp4,5,3
1686,aL0oPOOeoB8.000.mp4,5,3
1687,aptKaxP81xA.000.mp4,5,4
1688,aptKaxP81xA.001.mp4,5,3
1689,aptKaxP81xA.002.mp4,5,3
1690,aptKaxP81xA.003.mp4,5,4
1691,aptKaxP81xA.004.mp4,5,3
1692,aptKaxP81xA.005.mp4,5,4
1693,ax8wm9K41og.000.mp4,5,2
1694,ax8wm9K41og.002.mp4,5,3
1695,ax8wm9K41og.001.mp4,5,3
1696,bcx6xr9Ja-8.001.mp4,5,4
1697,bcx6xr9Ja-8.002.mp4,5,3
1698,bcx6xr9Ja-8.004.mp4,5,3
1699,bcx6xr9Ja-8.005.mp4,5,3
1700,bcx6xr9Ja-8.000.mp4,5,4
1701,bcx6xr9Ja-8.003.mp4,5,4
1702,bt-ev53zZWE.001.mp4,5,3
1703,bt-ev53zZWE.004.mp4,5,3
1704,bt-ev53zZWE.005.mp4,5,3
1705,bt-ev53zZWE.000.mp4,5,3
1706,c3SQSM9OIsA.001.mp4,5,4
1707,c3SQSM9OIsA.005.mp4,5,4
1708,c3SQSM9OIsA.002.mp4,5,3
1709,c70zW-HoZUA.001.mp4,6,3
1710,c70zW-HoZUA.000.mp4,6,3
1711,cOirMOCpdo8.000.mp4,5,3
1712,cOirMOCpdo8.001.mp4,5,3
1713,cOirMOCpdo8.003.mp4,5,3
1714,cOirMOCpdo8.005.mp4,5,3
1715,cSyVbIYfwxA.004.mp4,5,3
1716,dRP8ZaAryro.000.mp4,5,3
1717,dRP8ZaAryro.001.mp4,5,3
1718,dRP8ZaAryro.003.mp4,5,4
1719,dRP8ZaAryro.004.mp4,5,3
1720,dRP8ZaAryro.005.mp4,5,3
1721,dRP8ZaAryro.002.mp4,5,3
1722,f39E4ct09Cc.000.mp4,5,3
1723,f39E4ct09Cc.001.mp4,5,4
1724,f39E4ct09Cc.005.mp4,5,4
1725,f39E4ct09Cc.003.mp4,5,4
1726,f4rQJiW6oSk.004.mp4,5,3
1727,f4rQJiW6oSk.005.mp4,5,3
1728,f4rQJiW6oSk.002.mp4,5,3
1729,fTpemcfElxI.000.mp4,5,3
1730,fTpemcfElxI.001.mp4,5,4
1731,fTpemcfElxI.003.mp4,5,3
1732,fTpemcfElxI.004.mp4,5,4
1733,fTpemcfElxI.005.mp4,5,3
1734,fTpemcfElxI.002.mp4,5,3
1735,gCQT7zfS7sI.000.mp4,5,2
1736,gCQT7zfS7sI.001.mp4,5,4
1737,gCQT7zfS7sI.002.mp4,5,2
1738,gCQT7zfS7sI.005.mp4,5,3
1739,gCQT7zfS7sI.004.mp4,5,3
1740,gngqDNTAXnI.002.mp4,5,4
1741,gngqDNTAXnI.004.mp4,5,4
1742,gngqDNTAXnI.001.mp4,5,4
1743,hM96SfN5_F4.004.mp4,4,3
1744,hM96SfN5_F4.001.mp4,4,3
1745,hquzfo9MVDo.001.mp4,5,3
1746,hquzfo9MVDo.002.mp4,5,3
1747,hquzfo9MVDo.003.mp4,5,4
1748,hquzfo9MVDo.004.mp4,5,4
1749,hquzfo9MVDo.000.mp4,5,3
1750,hquzfo9MVDo.005.mp4,5,3
1751,iGBVrJMr62U.000.mp4,5,4
1752,iGBVrJMr62U.002.mp4,5,3
1753,iGBVrJMr62U.003.mp4,5,2
1754,iGBVrJMr62U.004.mp4,5,3
1755,iGBVrJMr62U.005.mp4,5,3
1756,io0aNQE8En8.000.mp4,5,3
1757,io0aNQE8En8.002.mp4,5,3
1758,io0aNQE8En8.003.mp4,5,3
1759,io0aNQE8En8.004.mp4,5,3
1760,io0aNQE8En8.005.mp4,5,3
1761,io0aNQE8En8.001.mp4,5,3
1762,isaP2l3rlBQ.001.mp4,5,4
1763,isaP2l3rlBQ.002.mp4,5,2
1764,isaP2l3rlBQ.003.mp4,5,3
1765,isaP2l3rlBQ.004.mp4,5,3
1766,j-XUQ3Rmq6w.001.mp4,5,4
1767,j-XUQ3Rmq6w.002.mp4,5,3
1768,j-XUQ3Rmq6w.003.mp4,5,3
1769,j-XUQ3Rmq6w.004.mp4,5,3
1770,j-XUQ3Rmq6w.005.mp4,5,2
1771,j6Rvmjjp7pU.003.mp4,5,3
1772,j6Rvmjjp7pU.001.mp4,5,2
1773,k2buv6xZ4_o.000.mp4,5,3
1774,k2buv6xZ4_o.001.mp4,5,3
1775,k2buv6xZ4_o.002.mp4,5,4
1776,k2buv6xZ4_o.003.mp4,5,4
1777,k2buv6xZ4_o.004.mp4,5,4
1778,k2buv6xZ4_o.005.mp4,5,3
1779,kPife9TY9Pw.000.mp4,5,3
1780,kPife9TY9Pw.004.mp4,5,3
1781,kco35S1k5Ks.001.mp4,5,3
1782,lWz3uSk1qms.000.mp4,5,4
1783,ly_0m16694Q.000.mp4,5,2
1784,ly_0m16694Q.003.mp4,5,3
1785,ly_0m16694Q.001.mp4,5,3
1786,ly_0m16694Q.002.mp4,5,2
1787,mIcktEhNxRo.003.mp4,5,3
1788,mXgUV0o6a20.000.mp4,5,4
1789,mXgUV0o6a20.001.mp4,5,4
1790,maDObxiOQRo.000.mp4,4,2
1791,maDObxiOQRo.003.mp4,4,3
1792,maDObxiOQRo.002.mp4,4,2
1793,maDObxiOQRo.004.mp4,4,3
1794,mkJjaOADfj4.001.mp4,5,4
1795,mkJjaOADfj4.002.mp4,5,4
1796,mkJjaOADfj4.003.mp4,5,3
1797,mkJjaOADfj4.005.mp4,5,3
1798,mkJjaOADfj4.000.mp4,5,3
1799,mpk5Ubw2fj8.000.mp4,5,4
1800,mpk5Ubw2fj8.001.mp4,5,3
1801,mpk5Ubw2fj8.004.mp4,5,3
1802,mpk5Ubw2fj8.002.mp4,5,2
1803,mpk5Ubw2fj8.003.mp4,5,4
1804,mpk5Ubw2fj8.005.mp4,5,4
1805,nClvfVFYzbM.000.mp4,5,3
1806,nClvfVFYzbM.003.mp4,5,3
1807,nClvfVFYzbM.005.mp4,5,3
1808,nClvfVFYzbM.002.mp4,5,3
1809,nLuAoNAOGcQ.000.mp4,5,3
1810,nLuAoNAOGcQ.001.mp4,5,3
1811,nLuAoNAOGcQ.005.mp4,5,3
1812,oLO05QNhhGg.000.mp4,5,3
1813,oLO05QNhhGg.001.mp4,5,3
1814,oLO05QNhhGg.002.mp4,5,4
1815,oLO05QNhhGg.003.mp4,5,3
1816,oLO05QNhhGg.004.mp4,5,2
1817,oLO05QNhhGg.005.mp4,5,3
1818,o_kTWEEjtyw.000.mp4,5,3
1819,o_kTWEEjtyw.001.mp4,5,4
1820,o_kTWEEjtyw.002.mp4,5,3
1821,o_kTWEEjtyw.003.mp4,5,4
1822,o_kTWEEjtyw.005.mp4,5,3
1823,okSmKH2k5lE.000.mp4,5,2
1824,okSmKH2k5lE.002.mp4,5,2
1825,okSmKH2k5lE.003.mp4,5,3
1826,okSmKH2k5lE.004.mp4,5,3
1827,okl467xvgOw.001.mp4,5,3
1828,p5QXPhJS8Ks.000.mp4,5,4
1829,p5QXPhJS8Ks.004.mp4,5,2
1830,p5QXPhJS8Ks.005.mp4,5,3
1831,p5QXPhJS8Ks.002.mp4,5,3
1832,qoztP0w5-Vo.000.mp4,5,3
1833,qoztP0w5-Vo.001.mp4,5,3
1834,qoztP0w5-Vo.003.mp4,5,4
1835,qoztP0w5-Vo.005.mp4,5,4
1836,qoztP0w5-Vo.002.mp4,5,3
1837,qoztP0w5-Vo.004.mp4,5,3
1838,rwinPicu_aw.000.mp4,5,4
1839,rwinPicu_aw.001.mp4,5,2
1840,rwinPicu_aw.002.mp4,5,4
1841,rwinPicu_aw.003.mp4,5,3
1842,rwinPicu_aw.004.mp4,5,2
1843,sDfU1gixDmM.000.mp4,5,3
1844,sHVXhr7_EOs.000.mp4,5,3
1845,sHVXhr7_EOs.002.mp4,5,4
1846,sHVXhr7_EOs.003.mp4,5,3
1847,sHVXhr7_EOs.004.mp4,5,4
1848,sHVXhr7_EOs.001.mp4,5,3
1849,sHVXhr7_EOs.005.mp4,5,3
1850,sSYCMN-WHmI.000.mp4,5,3
1851,uifW-cV-iQo.002.mp4,4,4
1852,uifW-cV-iQo.000.mp4,4,3
1853,uoLDJJMK5Gw.001.mp4,4,3
1854,uoLDJJMK5Gw.003.mp4,4,4
1855,wJl7DbsbrDA.000.mp4,5,2
1856,wJl7DbsbrDA.001.mp4,5,2
1857,wJl7DbsbrDA.005.mp4,5,3
1858,wJl7DbsbrDA.002.mp4,5,4
1859,wJl7DbsbrDA.003.mp4,5,3
1860,wYZJ2HXfvmQ.001.mp4,5,3
1861,wYZJ2HXfvmQ.002.mp4,5,3
1862,wYZJ2HXfvmQ.003.mp4,5,3
1863,wYZJ2HXfvmQ.004.mp4,5,3
1864,wYZJ2HXfvmQ.005.mp4,5,4
1865,xEmwNv4OxGE.000.mp4,5,4
1866,xEmwNv4OxGE.001.mp4,5,3
1867,xEmwNv4OxGE.002.mp4,5,3
1868,xEmwNv4OxGE.003.mp4,5,3
1869,yFZ3eUD6Pqs.000.mp4,5,4
1870,yFZ3eUD6Pqs.001.mp4,5,3
1871,yFZ3eUD6Pqs.002.mp4,5,3
1872,yFZ3eUD6Pqs.003.mp4,5,4
1873,yFZ3eUD6Pqs.004.mp4,5,3
1874,yFZ3eUD6Pqs.005.mp4,5,4
1875,yUESJPS0wS8.000.mp4,5,2
1876,yUESJPS0wS8.002.mp4,5,3
1877,yUESJPS0wS8.003.mp4,5,3
1878,yUESJPS0wS8.004.mp4,5,3
1879,yUESJPS0wS8.001.mp4,5,4
1880,zT_s9X21gAE.000.mp4,5,3
1881,zT_s9X21gAE.001.mp4,5,3
1882,zT_s9X21gAE.003.mp4,5,3
1883,zT_s9X21gAE.004.mp4,5,2
1884,zT_s9X21gAE.005.mp4,5,4
1885,A29hMesGCEI.000.mp4,5,3
1886,A29hMesGCEI.001.mp4,5,3
1887,Ah5PEPT4xbo.000.mp4,5,4
1888,NpMRzuRmeDQ.002.mp4,5,3
1889,OMTlpgrJYFk.004.mp4,5,3
1890,TOdvDQQWlCA.001.mp4,5,2
1891,eCoEQ_R5C3U.001.mp4,5,4
1892,gGyV-rc-sKE.003.mp4,5,2
1893,lLhd1Cs3XDU.001.mp4,5,4
1894,thl4HwoqyrI.005.mp4,5,3
1895,2TMl5EMrdVI.000.mp4,6,3
1896,2TMl5EMrdVI.002.mp4,6,3
1897,2TMl5EMrdVI.003.mp4,6,3
1898,2TMl5EMrdVI.004.mp4,6,2
1899,2TMl5EMrdVI.005.mp4,6,3
1900,2TMl5EMrdVI.001.mp4,6,2
1901,75XbCb7G8kw.001.mp4,6,4
1902,75XbCb7G8kw.002.mp4,6,4
1903,75XbCb7G8kw.005.mp4,6,3
1904,75XbCb7G8kw.003.mp4,6,4
1905,8hGOOynn3ZU.003.mp4,6,3
1906,8hGOOynn3ZU.004.mp4,6,3
1907,8hGOOynn3ZU.005.mp4,6,3
1908,8hGOOynn3ZU.000.mp4,6,4
1909,8hGOOynn3ZU.002.mp4,6,4
1910,9QOFKbaPX3M.000.mp4,6,3
1911,9QOFKbaPX3M.001.mp4,6,3
1912,9QOFKbaPX3M.002.mp4,6,3
1913,9a-3LrB7cDI.000.mp4,6,3
1914,9a-3LrB7cDI.002.mp4,6,4
1915,9a-3LrB7cDI.003.mp4,6,4
1916,9a-3LrB7cDI.004.mp4,6,3
1917,9a-3LrB7cDI.005.mp4,6,3
1918,9a-3LrB7cDI.001.mp4,6,4
1919,9z5cV1ANYwE.002.mp4,6,3
1920,9z5cV1ANYwE.005.mp4,6,2
1921,9z5cV1ANYwE.000.mp4,6,3
1922,9z5cV1ANYwE.004.mp4,6,3
1923,KTdbKiGFzJY.000.mp4,6,3
1924,KTdbKiGFzJY.003.mp4,6,4
1925,KTdbKiGFzJY.001.mp4,6,4
1926,P0a209IS614.002.mp4,6,3
1927,P0a209IS614.003.mp4,6,3
1928,P0a209IS614.004.mp4,6,3
1929,P0a209IS614.005.mp4,6,3
1930,P0a209IS614.000.mp4,6,4
1931,P0a209IS614.001.mp4,6,3
1932,fYUcoKDyRiU.001.mp4,6,4
1933,fecQUZ-ehKQ.000.mp4,6,3
1934,fecQUZ-ehKQ.002.mp4,6,2
1935,fsaslN7xV-w.000.mp4,6,3
1936,fsaslN7xV-w.002.mp4,6,3
1937,fsaslN7xV-w.003.mp4,6,2
1938,fsaslN7xV-w.004.mp4,6,3
1939,fsaslN7xV-w.001.mp4,6,4
1940,fsaslN7xV-w.005.mp4,6,4
1941,g0Zlp-F6Z6E.001.mp4,6,3
1942,g0Zlp-F6Z6E.003.mp4,6,3
1943,g0Zlp-F6Z6E.004.mp4,6,3
1944,g0Zlp-F6Z6E.005.mp4,6,3
1945,j0dnDXTyUBA.001.mp4,6,2
1946,muKwyr-hrkc.001.mp4,6,4
1947,nCWEEoJfjgE.000.mp4,6,4
1948,nCWEEoJfjgE.001.mp4,6,4
1949,nCWEEoJfjgE.002.mp4,6,3
1950,nCWEEoJfjgE.004.mp4,6,2
1951,nCWEEoJfjgE.005.mp4,6,3
1952,nCWEEoJfjgE.003.mp4,6,3
1953,u2XbiBuuxyI.001.mp4,6,4
1954,9NS6CgxJCGM.002.mp4,6,3
1955,9NS6CgxJCGM.005.mp4,6,2
1956,ZMOcuCj-86c.001.mp4,6,3
1957,2DZb5yIc6Fg.001.mp4,7,3
1958,2DZb5yIc6Fg.002.mp4,7,4
1959,2DZb5yIc6Fg.003.mp4,7,4
1960,2DZb5yIc6Fg.004.mp4,7,4
1961,2DZb5yIc6Fg.005.mp4,7,3
1962,2DZb5yIc6Fg.000.mp4,7,3
1963,59Smv7wl--w.001.mp4,7,3
1964,59Smv7wl--w.002.mp4,7,4
1965,59Smv7wl--w.003.mp4,7,3
1966,59Smv7wl--w.004.mp4,7,3
1967,59Smv7wl--w.005.mp4,7,3
1968,fY4tctYZTz8.000.mp4,7,4
1969,fY4tctYZTz8.001.mp4,7,3
1970,fY4tctYZTz8.003.mp4,7,3
1971,fY4tctYZTz8.004.mp4,7,4
1972,fY4tctYZTz8.005.mp4,7,3
1973,fY4tctYZTz8.002.mp4,7,3
1974,gCd5bIDNAbI.003.mp4,7,2
